timestamp,open,high,low,close,volume
2018-12-13,3535.6,3547.1,3317.0,3354.3,76222373.04
2018-12-12,3435.28,3617.4,3415.0,3535.6,74265794.63
2018-12-11,3524.8,3551.5,3381.8,3435.28,83009693.7
2018-12-10,3642.3,3709.7,3475.8,3524.8,80447395.98
2018-12-09,3506.0,3789.0,3465.4,3642.3,90374332.83
2018-12-08,3460.0,3800.1,3316.1,3506.0,135760289.62
2018-12-07,3531.0,3630.0,3277.6,3460.0,254063711.27
2018-12-06,3772.9,3922.7,3503.0,3531.0,218131793.82
2018-12-05,3981.9,4000.77,3750.0,3772.9,109684430.8
2018-12-04,3901.2,4135.9,3785.5,3981.9,133977730.72
2018-12-03,4173.0,4189.8,3830.1,3901.2,146870203.29
2018-12-02,4241.3,4369.8,4113.0,4173.0,102941696.07
2018-12-01,4039.5,4340.0,3964.5,4241.3,114784731.92
2018-11-30,4321.9,4368.8,3950.0,4039.5,175006992.02
2018-11-29,4305.0,4488.0,4167.2,4321.9,177210733.13
2018-11-28,3882.7,4447.6,3882.7,4305.0,274474031.15
2018-11-27,3864.1,3959.41,3684.1,3882.7,176640255.63
2018-11-26,4089.1,4207.1,3695.5,3864.1,249616173.56
2018-11-25,3929.9,4233.2,3657.6,4089.1,321001983.62
2018-11-24,4422.7,4529.0,3819.4,3929.9,211732113.57
2018-11-23,4369.6,4495.0,4210.0,4422.7,157466977.66
2018-11-22,4662.7,4723.7,4342.1,4369.6,130579599.46
2018-11-21,4571.0,4787.3,4412.3,4662.7,203826727.05
2018-11-20,4920.7,5056.27,4303.5,4571.0,545927989.89
2018-11-19,5659.5,5659.5,4855.0,4920.7,387294753.82
2018-11-18,5628.3,5745.6,5620.9,5659.5,53930945.98
2018-11-17,5655.7,5661.1,5569.1,5628.3,44584273.75
2018-11-16,5749.6,5777.5,5530.92,5655.7,104666368.21
2018-11-15,5922.4,5940.0,5432.0,5749.6,281942127.83
2018-11-14,6459.07,6485.8,5678.0,5922.4,417150478.28
2018-11-13,6446.9,6501.1,6397.1,6459.07,65332208.83
2018-11-12,6447.9,6481.0,6418.8,6446.9,47163665.29
2018-11-11,6431.1,6459.9,6357.8,6447.9,47078299.92
2018-11-10,6418.7,6469.3,6414.4,6431.1,21031407.99
2018-11-09,6475.3,6504.4,6385.0,6418.7,67683873.09
2018-11-08,6572.9,6585.0,6460.0,6475.3,75669897.32
2018-11-07,6522.2,6615.0,6511.0,6572.9,70566536.11
2018-11-06,6470.2,6527.7,6447.4,6522.2,47915589.46
2018-11-05,6491.7,6500.6,6435.3,6470.2,31154083.0
2018-11-04,6389.1,6529.4,6357.9,6491.7,57994489.65
2018-11-03,6427.0,6432.4,6323.0,6389.1,72941495.74
2018-11-02,6406.1,6456.1,6389.9,6427.0,52435142.88
2018-11-01,6368.39,6443.9,6352.9,6406.1,58559193.75
2018-10-31,6330.1,6419.8,6242.1,6368.39,63103796.22
2018-10-30,6346.5,6383.6,6302.0,6330.1,68228331.12
2018-10-29,6490.1,6512.0,6320.8,6346.5,125198760.71
2018-10-28,6500.2,6513.88,6451.0,6490.1,44327184.62
2018-10-27,6531.5,6560.0,6476.9,6500.2,45388946.91
2018-10-26,6528.0,6597.4,6511.0,6531.5,48566430.72
2018-10-25,6554.1,6568.7,6462.9,6528.0,56951294.18
2018-10-24,6550.0,6626.3,6536.0,6554.1,56248255.79
2018-10-23,6567.3,6591.6,6525.3,6550.0,58150098.92
2018-10-22,6590.9,6627.9,6535.1,6567.3,39976390.53
2018-10-21,6586.7,6660.8,6581.2,6590.9,29304687.66
2018-10-20,6525.1,6611.0,6511.0,6586.7,30545359.06
2018-10-19,6613.2,6639.5,6518.2,6525.1,73995276.09
2018-10-18,6736.0,6779.9,6566.7,6613.2,83816613.33
2018-10-17,6754.2,6794.0,6674.3,6736.0,59834386.04
2018-10-16,6742.0,6897.6,6669.1,6754.2,105941612.46
2018-10-15,6336.4,7788.0,6294.6,6742.0,587800439.81
2018-10-14,6326.5,6399.3,6302.5,6336.4,71504393.2
2018-10-13,6291.9,6333.7,6280.3,6326.5,36732503.39
2018-10-12,6251.9,6353.4,6220.3,6291.9,65596414.91
2018-10-11,6630.07,6630.07,6220.4,6251.9,263411060.64
2018-10-10,6663.0,6663.1,6513.53,6630.07,91269880.6
2018-10-09,6673.2,6682.0,6605.0,6663.0,54138899.1
2018-10-08,6609.4,6730.0,6585.9,6673.2,84867099.68
2018-10-07,6595.2,6640.4,6525.0,6609.4,38405707.71
2018-10-06,6639.9,6648.2,6563.7,6595.2,38280794.85
2018-10-05,6590.4,6741.44,6506.6,6639.9,82637324.34
2018-10-04,6503.2,6648.8,6495.2,6590.4,71370798.22
2018-10-03,6527.6,6555.1,6424.6,6503.2,92367971.94
2018-10-02,6601.9,6644.7,6467.9,6527.6,78103071.99
2018-10-01,6622.4,6660.0,6500.0,6601.9,67511869.64
2018-09-30,6597.3,6662.8,6529.6,6622.4,54645264.98
2018-09-29,6635.2,6635.2,6466.0,6597.3,109831355.24
2018-09-28,6691.2,6826.42,6541.9,6635.2,184677238.97
2018-09-27,6462.4,6745.0,6436.7,6691.2,113860257.37
2018-09-26,6442.8,6558.0,6382.5,6462.4,84598401.99
2018-09-25,6585.1,6585.1,6328.0,6442.8,128898926.13
2018-09-24,6710.0,6721.7,6555.0,6585.1,115723074.92
2018-09-23,6723.0,6785.9,6661.5,6710.0,57151074.42
2018-09-22,6762.1,6840.9,6636.0,6723.0,103109243.08
2018-09-21,6493.91,6790.5,6473.8,6762.1,234605337.62
2018-09-20,6390.9,6557.0,6340.0,6493.91,93457852.14
2018-09-19,6335.4,6525.8,6110.0,6390.9,156555659.59
2018-09-18,6252.0,6384.0,6228.1,6335.4,100346177.39
2018-09-17,6498.4,6543.3,6202.8,6252.0,138855236.34
2018-09-16,6512.8,6520.6,6401.9,6498.4,48314667.72
2018-09-15,6480.1,6572.2,6465.6,6512.8,54159419.75
2018-09-14,6489.0,6596.5,6376.2,6480.1,100490027.89
2018-09-13,6332.42,6528.4,6332.42,6489.0,117805914.08
2018-09-12,6290.9,6355.0,6202.8,6332.42,102325343.4
2018-09-11,6314.9,6399.6,6170.0,6290.9,103492072.05
2018-09-10,6239.9,6373.68,6219.0,6314.9,89366606.45
2018-09-09,6184.94,6447.8,6140.5,6239.9,95412358.05
2018-09-08,6397.0,6475.5,6119.5,6184.94,114399079.77
2018-09-07,6516.1,6549.5,6322.8,6397.0,132973646.11
2018-09-06,6704.0,6731.3,6302.2,6516.1,337954015.21
2018-09-05,7358.9,7404.0,6700.0,6704.0,366681692.0
2018-09-04,7267.8,7415.4,7246.2,7358.9,145456029.46
2018-09-03,7300.0,7360.0,7200.0,7267.8,154637944.1
2018-09-02,7197.4,7416.9,7135.3,7300.0,299002871.87
2018-09-01,7014.6,7269.9,7011.3,7197.4,138356034.18
2018-08-31,6986.0,7100.0,6881.6,7014.6,127538522.88
2018-08-30,7039.0,7060.0,6802.1,6986.0,158007419.0
2018-08-29,7079.9,7139.4,6924.27,7039.0,139637219.31
2018-08-28,6909.4,7127.9,6872.0,7079.9,197235107.63
2018-08-27,6707.0,6940.8,6652.7,6909.4,154013519.07
2018-08-26,6732.9,6789.0,6557.0,6707.0,104193264.65
2018-08-25,6693.6,6799.7,6670.0,6732.9,110848836.89
2018-08-24,6527.2,6728.6,6451.0,6693.6,129692080.73
2018-08-23,6362.1,6566.64,6350.0,6527.2,116530014.25
2018-08-22,6479.1,6899.0,6250.3,6362.1,316940382.88
2018-08-21,6255.9,6526.2,6245.0,6479.1,182500052.85
2018-08-20,6485.1,6524.0,6230.0,6255.9,194461177.72
2018-08-19,6391.2,6550.3,6309.3,6485.1,85956107.1
2018-08-18,6584.05,6619.5,6300.0,6391.2,124216024.16
2018-08-17,6315.6,6592.9,6290.0,6584.05,168772164.67
2018-08-16,6270.2,6476.7,6212.9,6315.6,159138721.67
2018-08-15,6189.0,6647.6,6180.01,6270.2,405891229.26
2018-08-14,6251.9,6251.9,5858.6,6189.0,310918885.17
2018-08-13,6313.9,6548.3,6137.6,6251.9,194986099.68
2018-08-12,6233.1,6499.0,6162.0,6313.9,142340923.31
2018-08-11,6146.7,6499.5,6008.1,6233.1,222971461.85
2018-08-10,6533.6,6573.8,6010.0,6146.7,270821409.67
2018-08-09,6280.7,6628.0,6183.0,6533.6,212106308.2
2018-08-08,6718.8,6720.1,6128.2,6280.7,324217413.37
2018-08-07,6941.2,7150.0,6677.0,6718.8,220473695.39
2018-08-06,7025.8,7153.6,6847.0,6941.2,123957813.77
2018-08-05,7013.22,7090.0,6890.0,7025.8,123180526.64
2018-08-04,7420.0,7492.2,6928.8,7013.22,211690412.57
2018-08-03,7535.2,7535.2,7282.1,7420.0,226404376.35
2018-08-02,7606.0,7713.0,7450.0,7535.2,134161524.98
2018-08-01,7731.3,7756.1,7440.2,7606.0,224258256.76
2018-07-31,8179.5,8179.5,7664.9,7731.3,337779783.1
2018-07-30,8221.0,8301.73,7861.2,8179.5,297960104.36
2018-07-29,8235.6,8313.3,8123.0,8221.0,83553959.28
2018-07-28,8188.0,8262.0,8067.2,8235.6,104433957.5
2018-07-27,7939.0,8291.0,7815.09,8188.0,266476948.87
2018-07-26,8178.4,8323.1,7869.6,7939.0,256249041.67
2018-07-25,8390.0,8488.1,8073.0,8178.4,296050005.39
2018-07-24,7718.9,8502.6,7690.0,8390.0,490709109.45
2018-07-23,7397.6,7812.9,7374.0,7718.9,329934961.16
2018-07-22,7403.4,7575.0,7329.1,7397.6,125560662.91
2018-07-21,7333.1,7459.0,7221.0,7403.4,81778072.33
2018-07-20,7473.5,7685.2,7273.1,7333.1,234637716.92
2018-07-19,7379.4,7560.0,7281.4,7473.5,164367053.07
2018-07-18,7319.8,7588.0,7246.5,7379.4,292175116.14
2018-07-17,6729.2,7483.9,6666.0,7319.8,316592618.06
2018-07-16,6347.2,6750.0,6327.1,6729.2,190390516.0
2018-07-15,6250.0,6389.0,6230.3,6347.2,64609535.39
2018-07-14,6220.0,6320.0,6179.2,6250.0,55502620.26
2018-07-13,6249.0,6339.9,6125.0,6220.0,124284898.06
2018-07-12,6377.8,6377.8,6079.9,6249.0,144338397.39
2018-07-11,6301.8,6407.9,6286.3,6377.8,103682065.34
2018-07-10,6666.9,6685.8,6260.1,6301.8,169553566.06
2018-07-09,6707.0,6820.0,6616.6,6666.9,105776967.91
2018-07-08,6761.8,6801.9,6669.9,6707.0,89510628.82
2018-07-07,6602.2,6837.0,6511.0,6761.8,87955369.89
2018-07-06,6531.7,6641.78,6451.9,6602.2,96991793.87
2018-07-05,6590.0,6704.7,6423.4,6531.7,147736305.36
2018-07-04,6509.0,6784.9,6414.1,6590.0,147038326.7
2018-07-03,6617.6,6675.2,6470.5,6509.0,113481158.31
2018-07-02,6349.7,6681.2,6275.0,6617.6,171535629.02
2018-07-01,6391.5,6439.9,6260.0,6349.7,71262027.81
2018-06-30,6208.1,6545.5,6195.2,6391.5,141720715.41
2018-06-29,5848.1,6302.0,5780.0,6208.1,188652525.19
2018-06-28,6133.09,6170.9,5822.3,5848.1,106826644.19
2018-06-27,6073.4,6192.7,5984.9,6133.09,110540087.52
2018-06-26,6246.6,6280.8,6050.2,6073.4,114190823.49
2018-06-25,6148.04,6341.0,6068.5,6246.6,165952361.5
2018-06-24,6151.93,6249.7,5755.0,6148.04,268869090.32
2018-06-23,6042.6,6259.0,6013.0,6151.93,124940081.25
2018-06-22,6715.2,6731.0,5910.8,6042.6,335779402.98
2018-06-21,6760.4,6788.8,6679.3,6715.2,71628297.19
2018-06-20,6735.5,6825.0,6560.0,6760.4,123733177.89
2018-06-19,6709.2,6848.2,6655.0,6735.5,116540181.13
2018-06-18,6438.4,6827.9,6370.77,6709.2,150860200.74
2018-06-17,6485.9,6573.0,6424.8,6438.4,55464373.5
2018-06-16,6385.0,6559.7,6330.0,6485.9,88159803.43
2018-06-15,6633.7,6659.0,6350.0,6385.0,127892576.02
2018-06-14,6295.1,6736.52,6269.5,6633.7,197450952.63
2018-06-13,6543.9,6611.7,6107.88,6295.1,276804573.74
2018-06-12,6873.3,6873.4,6436.1,6543.9,197909118.26
2018-06-11,6758.0,6899.0,6629.7,6873.3,150583212.34
2018-06-10,7498.5,7498.6,6630.0,6758.0,361863799.92
2018-06-09,7615.1,7685.0,7463.4,7498.5,50467056.59
2018-06-08,7688.9,7697.0,7543.6,7615.1,92098498.19
2018-06-07,7654.0,7756.3,7624.7,7688.9,83404764.88
2018-06-06,7621.9,7700.0,7491.7,7654.0,124490976.9
2018-06-05,7488.3,7675.0,7372.0,7621.9,121882924.46
2018-06-04,7718.0,7764.0,7451.1,7488.3,133657335.36
2018-06-03,7638.1,7779.0,7600.0,7718.0,104417170.37
2018-06-02,7521.0,7698.8,7441.5,7638.1,123627262.96
2018-06-01,7485.8,7599.8,7329.19,7521.0,141455168.42
2018-05-31,7375.12,7599.7,7338.0,7485.8,143522705.64
2018-05-30,7465.2,7560.0,7270.5,7375.12,163147111.12
2018-05-29,7097.9,7536.0,7040.0,7465.2,198139678.58
2018-05-28,7339.7,7437.7,7062.3,7097.9,189039280.71
2018-05-27,7327.7,7425.4,7211.1,7339.7,115619165.33
2018-05-26,7456.7,7624.1,7281.0,7327.7,102683254.89
2018-05-25,7576.7,7654.1,7318.2,7456.7,192775928.74
2018-05-24,7494.8,7729.83,7260.0,7576.7,289840367.15
2018-05-23,7977.85,8020.0,7403.0,7494.8,306082064.9
2018-05-22,8398.8,8408.28,7943.3,7977.85,165144229.36
2018-05-21,8523.6,8644.0,8309.1,8398.8,137587899.88
2018-05-20,8231.0,8597.9,8171.5,8523.6,127232890.21
2018-05-19,8238.9,8430.0,8140.2,8231.0,109560697.47
2018-05-18,8054.3,8277.2,7925.0,8238.9,184236039.07
2018-05-17,8336.1,8482.2,7982.5,8054.3,203331061.86
2018-05-16,8467.5,8492.7,8100.0,8336.1,265254056.38
2018-05-15,8670.8,8855.7,8415.0,8467.5,220646777.28
2018-05-14,8683.6,8884.5,8271.0,8670.8,314085399.91
2018-05-13,8470.8,8760.0,8318.3,8683.6,193696088.91
2018-05-12,8412.4,8631.7,8204.41,8470.8,306163209.3
2018-05-11,9018.0,9018.1,8333.8,8412.4,458657858.2
2018-05-10,9318.2,9393.9,9003.0,9018.0,214713650.93
2018-05-09,9184.7,9375.8,8980.0,9318.2,208046771.77
2018-05-08,9370.0,9471.0,9045.3,9184.7,232088224.65
2018-05-07,9658.7,9677.9,9182.7,9370.0,232769761.85
2018-05-06,9861.2,9964.0,9454.0,9658.7,250098474.77
2018-05-05,9703.0,9990.0,9685.0,9861.2,280281507.9
2018-05-04,9759.0,9848.0,9542.5,9703.0,233151571.67
2018-05-03,9236.4,9875.0,9161.0,9759.0,329445446.79
2018-05-02,9068.2,9279.9,8968.3,9236.4,180821070.42
2018-05-01,9240.6,9247.3,8817.97,9068.2,224495781.48
2018-04-30,9400.0,9450.0,9100.0,9240.6,208297373.75
2018-04-29,9345.7,9565.1,9180.0,9400.0,253905688.36
2018-04-28,8920.1,9437.6,8872.0,9345.7,317887455.72
2018-04-27,9269.9,9381.1,8888.6,8920.1,273120789.22
2018-04-26,8868.4,9308.0,8652.2,9269.9,359228351.05
2018-04-25,9646.8,9767.4,8765.1,8868.4,668976337.5
2018-04-24,8940.0,9745.0,8929.9,9646.8,530366998.95
2018-04-23,8791.4,9011.0,8769.0,8940.0,206738729.14
2018-04-22,8912.5,9048.2,8751.09,8791.4,262815187.57
2018-04-21,8865.4,9069.0,8616.0,8912.5,331168878.04
2018-04-20,8273.0,8937.5,8219.0,8865.4,408404618.56
2018-04-19,8171.0,8297.4,8104.0,8273.0,232308172.38
2018-04-18,7888.9,8237.2,7870.5,8171.0,218071064.86
2018-04-17,8056.2,8185.0,7823.0,7888.9,212819639.69
2018-04-16,8357.5,8415.5,7900.3,8056.2,263749559.65
2018-04-15,8003.0,8458.8,7997.2,8357.5,234537997.06
2018-04-14,7886.9,8185.0,7820.5,8003.0,206634688.21
2018-04-13,7912.0,8240.0,7739.1,7886.9,474891031.56
2018-04-12,6943.1,8087.0,6753.0,7912.0,671503176.68
2018-04-11,6837.1,7005.8,6794.0,6943.1,190667714.45
2018-04-10,6770.0,6897.4,6650.0,6837.1,170841649.19
2018-04-09,7023.9,7189.0,6611.0,6770.0,495916361.52
2018-04-08,6892.6,7126.0,6883.0,7023.9,201921442.76
2018-04-07,6610.0,7080.0,6599.9,6892.6,248688447.73
2018-04-06,6769.0,6864.0,6500.2,6610.0,273538524.1
2018-04-05,6785.9,6938.0,6564.9,6769.0,305581665.27
2018-04-04,7405.6,7422.0,6670.0,6785.9,347227436.68
2018-04-03,7053.3,7509.7,7019.9,7405.6,349662662.54
2018-04-02,6816.6,7132.0,6769.4,7053.3,307331586.85
2018-04-01,6925.4,7035.1,6425.1,6816.6,367964202.59
2018-03-31,6840.4,7222.0,6780.06,6925.4,472001891.08
2018-03-30,7094.0,7269.0,6549.9,6840.4,726470743.59
2018-03-29,7936.0,7973.0,6883.0,7094.0,537493533.1
2018-03-28,7784.6,8120.2,7702.1,7936.0,270258151.3
2018-03-27,8131.12,8210.0,7716.6,7784.6,395673039.36
2018-03-26,8445.0,8499.1,7835.9,8131.12,433288763.9
2018-03-25,8522.7,8674.4,8364.8,8445.0,255905054.93
2018-03-24,8914.4,9050.3,8460.0,8522.7,372217623.66
2018-03-23,8699.3,8917.6,8271.1,8914.4,371275500.99
2018-03-22,8888.2,9095.92,8450.0,8699.3,430220172.27
2018-03-21,8899.7,9177.5,8752.0,8888.2,372221050.43
2018-03-20,8600.2,9040.0,8305.1,8899.7,455322064.53
2018-03-19,8200.3,8717.0,8085.7,8600.2,591414182.71
2018-03-18,7845.0,8300.0,7240.0,8200.3,656987846.41
2018-03-17,8250.0,8367.0,7728.1,7845.0,380842416.49
2018-03-16,8250.0,8604.5,7902.0,8250.0,441514146.06
2018-03-15,8177.2,8418.0,7665.1,8250.0,644384004.54
2018-03-14,9135.2,9250.0,7916.0,8177.2,491027268.12
2018-03-13,9130.2,9482.4,8822.0,9135.2,556584542.07
2018-03-12,9527.7,9900.0,8770.0,9130.2,612606330.78
2018-03-11,8769.9,9729.0,8428.0,9527.7,627741870.48
2018-03-10,9216.2,9506.4,8670.9,8769.9,455648657.44
2018-03-09,9300.0,9428.0,8342.0,9216.2,842060926.88
2018-03-08,9910.6,10112.0,9025.0,9300.0,626410649.74
2018-03-07,10720.0,10899.0,9400.0,9910.6,735941360.18
2018-03-06,11402.0,11411.0,10567.0,10720.0,456474428.46
2018-03-05,11499.0,11700.0,11380.0,11402.0,305243757.71
2018-03-04,11454.0,11549.0,11050.0,11499.0,306478200.32
2018-03-03,11024.0,11530.0,11024.0,11454.0,333111704.99
2018-03-02,10923.0,11189.0,10762.0,11024.0,309043894.0
2018-03-01,10315.0,11095.0,10210.0,10923.0,343359812.16
2018-02-28,10582.0,11065.0,10261.0,10315.0,438588692.23
2018-02-27,10320.0,10888.0,10125.0,10582.0,404680373.36
2018-02-26,9581.9,10439.0,9359.9,10320.0,443925733.97
2018-02-25,9666.3,9840.0,9280.4,9581.9,288538180.73
2018-02-24,10144.0,10500.0,9350.3,9666.3,521930897.82
2018-02-23,9826.5,10395.0,9583.1,10144.0,567466843.89
2018-02-22,10450.0,10915.0,9740.0,9826.5,708331522.35
2018-02-21,11211.0,11239.0,10200.0,10450.0,799460974.32
2018-02-20,11172.0,11788.0,11100.0,11211.0,658532997.49
2018-02-19,10400.0,11250.0,10308.0,11172.0,531225259.41
2018-02-18,11062.0,11250.0,10122.0,10400.0,711575764.35
2018-02-17,10162.0,11084.0,10049.0,11062.0,550672754.27
2018-02-16,9996.0,10271.0,9670.0,10162.0,420392841.66
2018-02-15,9455.5,10176.0,9338.0,9996.0,646965183.08
2018-02-14,8511.6,9489.0,8511.6,9455.5,445269567.12
2018-02-13,8902.9,8952.9,8313.52,8511.6,331049587.85
2018-02-12,8070.5,9000.0,8069.58,8902.9,429033111.39
2018-02-11,8563.0,8570.0,7851.0,8070.5,419621875.87
2018-02-10,8678.1,9074.9,8151.3,8563.0,555946296.65
2018-02-09,8239.7,8750.0,7724.9,8678.1,509624165.13
2018-02-08,7586.9,8648.9,7565.0,8239.7,629028322.7
2018-02-07,7678.8,8488.9,7175.1,7586.9,830372193.27
2018-02-06,6947.2,7880.0,6000.0,7678.8,1291517770.73
2018-02-05,8185.2,8380.0,6651.0,6947.2,960180027.86
2018-02-04,9225.0,9410.0,7809.0,8185.2,576788337.39
2018-02-03,8890.9,9499.0,8180.0,9225.0,455149525.78
2018-02-02,9181.0,9213.0,7960.0,8890.9,1034590601.64
2018-02-01,10267.0,10336.0,8941.0,9181.0,731092225.8
2018-01-31,10171.0,10414.0,9760.0,10267.0,429226162.74
2018-01-30,11217.82,11250.0,9860.4,10171.0,610362193.54
2018-01-29,11829.0,11975.0,11070.0,11217.82,278683063.01
2018-01-28,11458.0,12190.0,11390.0,11829.0,337310640.94
2018-01-27,11069.0,11689.0,10800.0,11458.0,373115740.76
2018-01-26,11147.0,11700.0,10276.0,11069.0,604628155.35
2018-01-25,11391.0,11734.0,10845.0,11147.0,383853794.3
2018-01-24,10811.0,11557.89,10430.0,11391.0,478491148.67
2018-01-23,10779.0,11427.0,9900.0,10811.0,667370521.03
2018-01-22,11514.0,11900.0,10009.0,10779.0,704623899.22
2018-01-21,12731.0,12732.0,11015.0,11514.0,620965615.17
2018-01-20,11476.0,13017.0,11407.0,12731.0,560806146.98
2018-01-19,11031.0,11900.0,10647.0,11476.0,534833075.19
2018-01-18,11108.0,11904.0,10515.0,11031.0,953010219.6
2018-01-17,11063.0,11497.0,9231.1,11108.0,1360922999.16
2018-01-16,13601.0,13617.0,9940.0,11063.0,1467077034.11
2018-01-15,13558.0,14356.0,13300.0,13601.0,458336248.24
2018-01-14,14199.0,14393.0,12874.34,13558.0,468903936.3
2018-01-13,13794.0,14580.0,13750.0,14199.0,407386975.38
2018-01-12,13254.0,14100.0,12751.0,13794.0,508673420.02
2018-01-11,14900.0,14999.0,12646.0,13254.0,942489459.22
2018-01-10,14425.0,14901.0,13300.0,14898.0,791294597.1
2018-01-09,14906.0,15355.0,14122.0,14425.0,635984605.11
2018-01-08,16214.0,16329.0,13760.0,14906.0,916985390.2
2018-01-07,17169.0,17178.0,15712.0,16214.0,474685778.25
2018-01-06,16911.0,17252.0,16251.0,17169.0,487575179.96
2018-01-05,15159.0,17105.0,14725.0,16911.0,839478745.52
2018-01-04,15150.0,15422.16,14060.0,15159.0,651074350.69
2018-01-03,14722.0,15428.83,14500.0,15150.0,569371973.76
2018-01-02,13376.0,15500.0,12795.0,14722.0,720663040.57
2018-01-01,13769.0,13893.0,12777.0,13376.0,389273932.58
2017-12-31,12384.0,14210.0,12166.0,13769.0,564211748.96
2017-12-30,14307.0,14417.0,11651.0,12384.0,938475723.98
2017-12-29,14323.0,15131.0,13826.0,14307.0,683772240.49
2017-12-28,15375.0,15468.0,13145.0,14323.0,977111940.28
2017-12-27,15680.0,16494.0,14454.0,15375.0,829436907.21
2017-12-26,13633.0,16060.0,13531.0,15680.0,926179176.72
2017-12-25,13477.0,14278.0,12675.0,13633.0,606634803.89
2017-12-24,14035.0,14050.0,11600.0,13477.0,906103698.66
2017-12-23,13173.0,14999.0,12521.0,14035.0,831326801.92
2017-12-22,15645.0,15842.43,10700.0,13173.0,2223207787.82
2017-12-21,16425.0,17333.0,14801.0,15645.0,1027276532.46
2017-12-20,17345.0,17709.0,15500.0,16425.0,1317507611.8
2017-12-19,18928.0,18987.0,16400.0,17345.0,1107377557.31
2017-12-18,18961.0,19175.0,18010.0,18928.0,974801267.97
2017-12-17,19210.0,19891.0,18622.0,18961.0,937965444.83
2017-12-16,17569.0,19550.0,17050.0,19210.0,836392677.4
2017-12-15,16384.0,18111.0,16349.0,17569.0,1044216461.5
2017-12-14,16171.0,16999.0,15851.0,16384.0,736682606.75
2017-12-13,16968.0,17293.0,15632.0,16171.0,906371363.81
2017-12-12,16753.0,17515.0,16210.0,16968.0,633973255.0
2017-12-11,14905.0,17450.0,14905.0,16753.0,825901343.83
2017-12-10,14603.0,15644.0,12732.0,14905.0,903356657.39
2017-12-09,15851.0,16300.0,13020.0,14603.0,782860906.93
2017-12-08,16600.0,17171.0,13722.0,15851.0,1053808779.76
2017-12-07,13510.0,16649.0,13139.0,16600.0,1188180149.51
2017-12-06,11592.0,13597.0,11590.0,13510.0,698009291.68
2017-12-05,11599.0,11932.0,11405.0,11592.0,299090807.4
2017-12-04,11162.0,11599.0,10890.0,11599.0,219384848.46
2017-12-03,10877.0,11848.0,10300.0,11162.0,181615051.57
2017-12-02,10860.0,11187.0,10627.0,10877.0,200402326.39
2017-12-01,9912.6,10950.0,9375.0,10860.0,235039838.47
2017-11-30,9727.0,10542.0,8901.0,9912.6,261197407.77
2017-11-29,9880.0,11435.0,9010.9,9727.0,260988014.99
2017-11-28,9723.6,9970.2,9592.5,9880.0,167029891.6
2017-11-27,8758.8,9767.2,8758.8,9723.6,198661459.93
2017-11-26,8753.4,8759.2,8753.0,8758.8,26962.27
2017-11-25,8195.2,8770.0,8131.6,8753.4,167899762.33
2017-11-24,7999.9,8351.0,7880.6,8195.2,141498185.93
2017-11-23,8230.2,8268.0,7992.6,7999.9,141182053.58
2017-11-22,8096.9,8310.0,8073.4,8230.2,132052542.22
2017-11-21,8248.8,8380.0,7755.6,8096.9,179242289.33
2017-11-20,8050.0,8315.0,7925.0,8248.8,150639022.34
2017-11-19,7773.3,8122.5,7662.2,8050.0,127937215.84
2017-11-18,7675.9,7867.8,7413.3,7773.3,145813938.54
2017-11-17,7865.2,8034.0,7512.0,7677.9,192379648.06
2017-11-16,7265.84,8012.6,7091.0,7865.2,195204226.62
2017-11-15,6590.0,7305.1,6589.9,7265.84,200824602.33
2017-11-14,6466.7,6689.5,6301.0,6590.0,145904459.04
2017-11-13,5830.9,6682.0,5790.0,6466.7,187375152.76
2017-11-12,6312.6,6466.7,5400.2,5830.9,251120750.48
2017-11-11,6541.2,6788.6,6163.2,6312.6,152304447.5
2017-11-10,7126.4,7324.0,6405.0,6541.2,503575974.01
2017-11-09,7446.1,7450.0,7000.0,7126.4,353618625.28
2017-11-08,7102.0,7899.9,6977.4,7446.1,627911135.05
2017-11-07,6956.5,7220.0,6948.0,7102.0,265158849.67
2017-11-06,7366.7,7440.0,6911.0,6956.5,440157158.22
2017-11-05,7369.9,7598.0,7272.0,7366.7,334205673.62
2017-11-04,7132.0,7530.0,6930.1,7369.9,344455349.74
2017-11-03,7018.8,7448.0,6917.0,7132.0,439712869.67
2017-11-02,6739.6,7350.0,6715.3,7018.8,643140585.86
2017-11-01,6455.1,6739.9,6344.5,6739.6,367766124.1
2017-10-31,6130.0,6481.5,6082.5,6455.1,236654069.87
2017-10-30,6150.0,6239.0,6006.2,6130.0,202990210.12
2017-10-29,5720.3,6345.0,5660.0,6150.0,336176404.28
2017-10-28,5759.7,5864.0,5632.0,5720.3,151992142.68
2017-10-27,5890.0,6020.0,5681.0,5759.7,223782636.22
2017-10-26,5724.1,5966.6,5667.5,5890.0,249036974.62
2017-10-25,5510.0,5746.9,5365.3,5724.1,241923094.98
2017-10-24,5907.3,5907.3,5457.4,5510.0,355086171.88
2017-10-23,5981.3,6055.0,5621.0,5907.3,382950746.12
2017-10-22,6005.1,6075.0,5705.0,5981.3,296869418.51
2017-10-21,5983.8,6199.9,5862.8,6005.1,308193542.01
2017-10-20,5694.2,6088.4,5603.3,5983.8,330632308.77
2017-10-19,5567.0,5744.0,5505.5,5694.2,213159494.34
2017-10-18,5597.1,5597.9,5114.0,5567.0,352356069.8
2017-10-17,5764.8,5779.0,5511.0,5597.1,170112124.4
2017-10-16,5713.9,5810.0,5570.0,5764.8,177508930.15
2017-10-15,5833.5,5877.0,5450.0,5713.9,296504414.44
2017-10-14,5636.8,5857.4,5564.3,5833.5,207435103.13
2017-10-13,5440.0,5871.9,5369.4,5636.8,531828697.53
2017-10-12,4824.9,5445.0,4815.0,5440.0,411206648.85
2017-10-11,4777.7,4881.4,4715.0,4824.9,138129000.15
2017-10-10,4782.3,4940.0,4716.4,4777.7,205355472.26
2017-10-09,4611.9,4879.8,4551.0,4782.3,229692776.75
2017-10-08,4435.6,4632.4,4416.3,4611.9,134700012.65
2017-10-07,4370.0,4505.0,4309.0,4435.6,70363273.63
2017-10-06,4312.0,4425.8,4282.2,4370.0,112879614.45
2017-10-05,4215.9,4372.3,4133.0,4312.0,107758054.88
2017-10-04,4310.6,4359.2,4174.3,4215.9,111682076.74
2017-10-03,4400.2,4439.9,4210.1,4310.6,122476333.51
2017-10-02,4404.3,4482.0,4359.0,4400.2,128103689.46
2017-10-01,4367.1,4424.0,4248.6,4404.3,126495551.72
2017-09-30,4168.0,4397.0,4160.0,4367.1,135404767.54
2017-09-29,4190.0,4245.0,4024.4,4168.0,160452009.94
2017-09-28,4209.7,4269.0,4120.0,4190.0,153044819.0
2017-09-27,3881.5,4229.5,3876.7,4209.7,198158125.22
2017-09-26,3930.1,3985.0,3838.0,3881.5,83465263.89
2017-09-25,3654.7,3977.0,3653.7,3930.1,153326746.77
2017-09-24,3779.6,3783.0,3615.5,3654.7,76911991.28
2017-09-23,3602.3,3808.7,3555.0,3779.6,95128057.81
2017-09-22,3596.7,3748.0,3490.0,3602.3,176788199.55
2017-09-21,3872.4,3905.0,3560.0,3596.7,211953807.57
2017-09-20,3892.2,4049.0,3829.0,3872.4,130698538.9
2017-09-19,4084.4,4114.0,3836.2,3892.2,187939217.71
2017-09-18,3666.6,4119.0,3666.6,4084.4,232624406.78
2017-09-17,3681.5,3782.0,3465.1,3666.6,134233463.73
2017-09-16,3697.1,3875.0,3511.1,3681.5,259354596.47
2017-09-15,3235.3,3809.0,2980.4,3697.1,611559126.6
2017-09-14,3849.7,3917.2,3204.7,3235.3,447166955.12
2017-09-13,4149.4,4160.0,3731.7,3849.7,278238795.36
2017-09-12,4198.7,4379.0,4050.0,4149.4,168920985.94
2017-09-11,4233.9,4383.2,4123.0,4198.7,130098011.73
2017-09-10,4315.9,4330.0,3974.1,4233.9,190068638.21
2017-09-09,4304.0,4395.2,4151.0,4315.9,132858349.3
2017-09-08,4613.7,4694.9,4105.0,4304.0,264666232.97
2017-09-07,4595.8,4675.0,4455.1,4613.7,105604886.08
2017-09-06,4375.0,4633.7,4352.4,4595.8,175337047.95
2017-09-05,4205.0,4471.0,3900.1,4375.0,240734995.2
2017-09-04,4598.5,4611.6,4052.0,4205.0,251482158.52
2017-09-03,4532.3,4699.9,4331.0,4598.5,151880017.94
2017-09-02,4907.7,4970.0,4400.1,4532.3,252919826.45
2017-09-01,4718.3,4936.9,4660.0,4907.7,137849604.85
2017-08-31,4568.0,4749.9,4566.9,4718.3,86014991.15
2017-08-30,4587.1,4643.0,4481.0,4568.0,77658541.41
2017-08-29,4385.1,4648.8,4325.1,4587.1,146911652.42
2017-08-28,4332.8,4395.5,4175.0,4385.1,90446789.75
2017-08-27,4340.4,4406.7,4304.4,4332.8,48351459.92
2017-08-26,4351.5,4364.0,4240.7,4340.4,63447147.77
2017-08-25,4322.1,4464.2,4250.0,4351.5,117499766.84
2017-08-24,4130.2,4381.0,4089.9,4322.1,92780188.66
2017-08-23,4081.9,4255.2,4045.0,4130.2,113729659.02
2017-08-22,3998.2,4141.9,3599.0,4081.9,239111044.26
2017-08-21,4063.1,4094.7,3951.0,3998.2,106529064.78
2017-08-20,4145.0,4199.9,3975.1,4063.1,102788820.52
2017-08-19,4090.1,4187.0,3907.0,4145.0,168791497.58
2017-08-18,4263.0,4360.0,3954.0,4090.1,194422803.04
2017-08-17,4386.4,4492.3,4152.0,4263.0,171033363.79
2017-08-16,4151.8,4405.0,3925.1,4386.4,147222534.81
2017-08-15,4320.8,4430.0,3832.5,4151.8,261426829.25
2017-08-14,4061.6,4330.3,3951.0,4320.8,143343011.39
2017-08-13,3866.2,4190.0,3834.2,4061.6,192980115.06
2017-08-12,3643.4,3970.1,3589.5,3866.2,142522025.06
2017-08-11,3405.0,3695.0,3380.0,3643.4,92908031.82
2017-08-10,3340.4,3447.0,3310.0,3405.0,64821114.81
2017-08-09,3415.0,3430.0,3235.1,3340.4,87253346.06
2017-08-08,3396.0,3483.8,3340.0,3415.0,108062486.54
2017-08-07,3232.1,3440.0,3190.0,3396.0,81595403.28
2017-08-06,3252.3,3315.5,3155.8,3232.1,54834443.94
2017-08-05,2860.0,3339.5,2853.3,3252.3,159197332.19
2017-08-04,2790.3,2876.0,2762.1,2860.0,53557929.46
2017-08-03,2702.0,2820.0,2698.0,2790.3,46230051.29
2017-08-02,2731.3,2758.0,2610.0,2702.0,64102816.45
2017-08-01,2854.3,2902.2,2604.0,2731.3,116073025.92
2017-07-31,2748.2,2883.5,2694.4,2854.3,76572323.07
2017-07-30,2713.1,2760.0,2582.9,2748.2,93675995.23
2017-07-29,2784.8,2794.2,2662.0,2713.1,65291917.49
2017-07-28,2664.6,2820.0,2655.5,2784.8,110994811.62
2017-07-27,2527.74,2682.2,2511.0,2664.6,80977858.97
2017-07-26,2560.9,2612.0,2404.0,2527.74,84863270.68
2017-07-25,2769.7,2790.1,2417.0,2560.9,144826119.23
2017-07-24,2750.1,2812.0,2707.1,2769.7,56921323.09
2017-07-23,2844.7,2877.5,2655.0,2750.1,97155480.48
2017-07-22,2659.0,2917.0,2642.8,2844.7,98772876.43
2017-07-21,2865.1,2890.0,2615.0,2659.0,156315657.98
2017-07-20,2253.4,2900.0,2253.3,2865.1,213457419.38
2017-07-19,2302.8,2400.0,2213.9,2253.4,82150377.33
2017-07-18,2220.0,2380.2,2139.0,2302.8,100468765.49
2017-07-17,1925.0,2223.5,1923.2,2220.0,83697122.62
2017-07-16,1978.6,2051.1,1826.2,1925.0,101888956.04
2017-07-15,2206.5,2210.1,1975.1,1978.6,85778856.87
2017-07-14,2330.1,2345.6,2138.0,2206.5,61806442.77
2017-07-13,2375.6,2400.0,2293.1,2330.1,43028405.72
2017-07-12,2283.8,2397.0,2190.0,2375.6,50076595.45
2017-07-11,2318.3,2375.0,2182.0,2283.8,75687918.75
2017-07-10,2477.9,2499.9,2236.6,2318.3,66540407.9
2017-07-09,2542.0,2555.7,2470.8,2477.9,19575449.5
2017-07-08,2479.3,2542.6,2436.1,2542.0,24048730.84
2017-07-07,2593.2,2598.8,2447.0,2479.3,44219690.2
2017-07-06,2598.6,2607.1,2546.0,2593.2,25289999.3
2017-07-05,2579.9,2618.4,2477.9,2598.6,34467267.36
2017-07-04,2524.0,2628.6,2511.0,2579.9,40513200.27
2017-07-03,2445.1,2587.4,2416.2,2524.0,40442618.8
2017-07-02,2346.2,2476.3,2302.0,2445.1,28621662.22
2017-07-01,2420.6,2441.0,2291.0,2346.2,35604857.07
2017-06-30,2472.4,2511.1,2404.0,2420.6,25634710.44
2017-06-29,2518.2,2537.8,2424.0,2472.4,32230410.38
2017-06-28,2521.2,2566.8,2403.2,2518.2,54170917.75
2017-06-27,2393.6,2524.0,2207.8,2521.2,78678963.04
2017-06-26,2483.3,2510.4,2258.7,2393.6,85985427.82
2017-06-25,2502.6,2595.0,2368.3,2483.3,44957049.54
2017-06-24,2674.9,2700.0,2452.87,2502.6,43047591.02
2017-06-23,2672.8,2726.0,2652.0,2674.9,21864850.07
2017-06-22,2624.4,2709.0,2554.8,2672.8,40077838.0
2017-06-21,2715.3,2760.0,2572.3,2624.4,65430744.79
2017-06-20,2582.0,2780.0,2568.2,2715.3,54709113.3
2017-06-19,2491.4,2593.9,2480.0,2582.0,34819054.15
2017-06-18,2610.1,2640.0,2420.0,2491.4,50499863.25
2017-06-17,2437.5,2636.9,2368.1,2610.1,42015797.77
2017-06-16,2377.5,2487.0,2257.8,2437.5,53476135.5
2017-06-15,2394.3,2455.0,2046.0,2377.5,125760671.73
2017-06-14,2677.1,2722.42,2280.0,2394.3,86803512.1
2017-06-13,2569.6,2730.0,2528.1,2677.1,61324391.04
2017-06-12,2941.8,2962.2,2284.4,2569.6,126451791.74
2017-06-11,2806.0,3003.0,2793.4,2941.8,54954570.92
2017-06-10,2809.0,2890.5,2711.1,2806.0,45562093.73
2017-06-09,2781.5,2849.8,2763.9,2809.0,26702274.88
2017-06-08,2644.0,2789.5,2527.0,2781.5,45639701.26
2017-06-07,2844.6,2850.0,2600.1,2644.0,60330076.07
2017-06-06,2636.9,2899.7,2620.0,2844.6,118717043.02
2017-06-05,2488.2,2649.5,2480.0,2636.9,39246152.92
2017-06-04,2461.0,2498.0,2365.0,2488.2,28995793.57
2017-06-03,2405.9,2481.2,2347.6,2461.0,26001174.91
2017-06-02,2312.0,2408.0,2262.8,2405.9,29204914.55
2017-06-01,2191.83,2368.2,2187.3,2312.0,43379108.76
2017-05-31,2146.7,2241.0,2000.0,2191.83,45320695.64
2017-05-30,2207.4,2265.0,2080.1,2146.7,46720034.03
2017-05-29,2056.9,2249.8,1990.0,2207.4,35279361.31
2017-05-28,1980.2,2194.4,1950.0,2056.9,53060925.48
2017-05-27,2125.9,2210.8,1810.0,1980.2,92267027.05
2017-05-26,2268.1,2477.0,2007.0,2125.9,89238004.69
2017-05-25,2395.5,2690.0,2141.1,2268.1,134699209.58
2017-05-24,2249.6,2444.9,2246.1,2395.5,69164293.42
2017-05-23,2087.3,2264.2,2060.0,2249.6,49090411.42
2017-05-22,2026.6,2222.2,1978.0,2087.3,121940867.43
2017-05-21,2059.3,2099.1,2000.1,2026.6,35166623.04
2017-05-20,1966.5,2072.2,1962.9,2059.3,43456944.32
2017-05-19,1941.5,2000.0,1925.0,1966.5,45110082.63
2017-05-18,1870.0,1954.6,1861.0,1941.5,24536188.7
2017-05-17,1786.2,1894.0,1766.3,1870.0,29297180.18
2017-05-16,1772.0,1795.1,1728.0,1786.2,17346187.37
2017-05-15,1827.3,1830.4,1719.0,1772.0,27693607.32
2017-05-14,1819.5,1852.4,1775.2,1827.3,20586472.38
2017-05-13,1735.0,1825.0,1666.0,1819.5,28681202.38
2017-05-12,1853.9,1864.8,1700.2,1735.0,37990316.93
2017-05-11,1796.9,1908.1,1763.6,1853.9,45068615.33
2017-05-10,1760.0,1817.4,1722.3,1796.9,32949846.13
2017-05-09,1703.5,1815.0,1695.1,1760.0,54756178.46
2017-05-08,1619.9,1715.0,1618.9,1703.5,33262962.36
2017-05-07,1597.0,1632.5,1575.1,1619.9,22162927.54
2017-05-06,1545.1,1605.1,1540.1,1597.0,22074695.27
2017-05-05,1607.1,1665.9,1505.0,1545.1,51871512.19
2017-05-04,1619.0,1702.0,1519.0,1607.1,50799377.35
2017-05-03,1558.5,1627.0,1541.9,1619.0,26980775.65
2017-05-02,1533.0,1604.6,1473.0,1558.5,25884018.09
2017-05-01,1435.0,1560.0,1432.0,1533.0,33375127.11
2017-04-30,1423.6,1443.7,1400.1,1435.0,12101098.5
2017-04-29,1415.6,1439.5,1400.1,1423.6,12431449.26
2017-04-28,1440.3,1447.0,1366.0,1415.6,19644622.65
2017-04-27,1400.0,1449.7,1392.5,1440.3,14759655.17
2017-04-26,1371.1,1411.7,1362.3,1400.0,16251969.47
2017-04-25,1345.0,1378.5,1342.1,1371.1,11238296.76
2017-04-24,1355.2,1359.6,1325.0,1345.0,10609092.33
2017-04-23,1346.4,1359.0,1336.0,1355.2,10409002.74
2017-04-22,1327.1,1354.9,1290.0,1346.4,16346753.0
2017-04-21,1308.5,1333.1,1307.0,1327.1,10505552.47
2017-04-20,1260.5,1326.9,1259.9,1308.5,19984616.58
2017-04-19,1265.4,1272.0,1254.3,1260.5,9579217.64
2017-04-18,1240.0,1274.8,1237.0,1265.4,20275874.84
2017-04-17,1212.0,1247.0,1202.0,1240.0,18622067.58
2017-04-16,1193.3,1217.6,1190.1,1212.0,5433654.57
2017-04-15,1206.8,1215.0,1190.0,1193.3,11015585.81
2017-04-14,1187.0,1219.2,1184.0,1206.8,14810285.97
2017-04-13,1227.4,1235.3,1163.3,1187.0,22817952.66
2017-04-12,1235.6,1244.3,1221.0,1227.4,14759175.55
2017-04-11,1220.3,1244.7,1209.1,1235.6,11720426.44
2017-04-10,1215.9,1229.9,1208.0,1220.3,14035299.26
2017-04-09,1188.1,1226.9,1179.4,1215.9,19667411.36
2017-04-08,1196.6,1202.9,1171.0,1188.1,13067156.74
2017-04-07,1191.5,1209.0,1176.7,1196.6,24400444.04
2017-04-06,1140.4,1206.4,1140.3,1191.5,37339324.84
2017-04-05,1145.8,1146.7,1111.2,1140.4,25406760.05
2017-04-04,1150.1,1165.6,1124.0,1145.8,24188739.21
2017-04-03,1107.5,1159.9,1107.5,1150.1,34513229.49
2017-04-02,1093.5,1118.2,1080.9,1107.5,22435521.05
2017-04-01,1081.5,1106.9,1070.0,1093.5,18440048.86
2017-03-31,1041.2,1089.4,1035.0,1081.5,29174843.35
2017-03-30,1041.8,1053.5,1021.2,1041.2,25605061.88
2017-03-29,1044.7,1059.0,1008.5,1041.8,23084270.85
2017-03-28,1042.7,1068.9,1016.2,1044.7,26313485.18
2017-03-27,968.9,1046.9,960.1,1042.7,32244772.04
2017-03-26,972.17,1006.0,950.1,968.9,32316600.16
2017-03-25,942.13,981.0,888.2,972.17,42792746.73
2017-03-24,1032.7,1034.6,928.0,942.13,42338719.65
2017-03-23,1039.1,1055.0,1018.0,1032.7,20037335.53
2017-03-22,1115.9,1116.0,985.55,1039.1,42990868.14
2017-03-21,1040.5,1122.3,1039.0,1115.9,36344220.97
2017-03-20,1016.5,1054.2,1011.0,1040.5,21212069.7
2017-03-19,971.5,1059.0,969.4,1016.5,40991432.89
2017-03-18,1070.4,1097.9,935.11,971.5,87475913.86
2017-03-17,1168.6,1169.8,1065.0,1070.4,66236411.01
2017-03-16,1256.1,1259.7,1132.5,1168.6,61493975.27
2017-03-15,1245.0,1263.9,1241.0,1256.1,17720357.95
2017-03-14,1238.5,1258.8,1218.9,1245.0,16837507.4
2017-03-13,1224.4,1247.3,1206.7,1238.5,21246366.91
2017-03-12,1172.4,1232.7,1166.8,1224.4,16371340.63
2017-03-11,1115.4,1196.6,1101.2,1172.4,27539084.24
2017-03-10,1190.4,1338.7,958.5,1115.4,66675093.83
2017-03-09,1150.0,1207.6,1136.0,1190.4,22985798.25
2017-03-08,1232.4,1243.6,1142.2,1150.0,41164704.13
2017-03-07,1279.2,1282.0,1185.0,1232.4,35444302.78
2017-03-06,1278.4,1287.8,1268.0,1279.2,10069995.03
2017-03-05,1267.8,1279.9,1245.0,1278.4,8495853.37
2017-03-04,1289.2,1291.9,1240.0,1267.8,14131545.81
2017-03-03,1258.0,1294.9,1256.2,1289.2,20748814.46
2017-03-02,1233.2,1285.9,1212.0,1258.0,26536494.73
2017-03-01,1189.1,1236.4,1186.0,1233.2,20165589.45
2017-02-28,1195.5,1216.0,1176.6,1189.1,16251499.88
2017-02-27,1178.3,1204.0,1170.0,1195.5,10391542.37
2017-02-26,1153.0,1186.1,1130.7,1178.3,9938097.01
2017-02-25,1185.4,1189.9,1131.3,1153.0,14486484.76
2017-02-24,1189.8,1222.4,1110.0,1185.4,38169142.89
2017-02-23,1125.5,1197.0,1116.5,1189.8,22159225.71
2017-02-22,1129.6,1140.0,1106.4,1125.5,11026375.97
2017-02-21,1091.2,1134.0,1085.0,1129.6,20601253.56
2017-02-20,1056.2,1110.0,1040.1,1091.2,8176376.26
2017-02-19,1059.8,1066.0,1045.0,1056.2,5030002.75
2017-02-18,1056.2,1071.1,1053.1,1059.8,5858277.52
2017-02-17,1038.5,1067.4,1033.2,1056.2,11691304.5
2017-02-16,1013.9,1045.8,1013.9,1038.5,8988965.55
2017-02-15,1013.8,1018.2,1002.3,1013.9,4080423.01
2017-02-14,996.83,1019.0,988.6,1013.1,9550601.55
2017-02-13,996.46,1004.7,974.22,995.69,7264029.42
2017-02-12,1000.5,1005.4,992.33,996.01,3472392.39
2017-02-11,993.5,1009.0,984.01,1002.8,7455668.53
2017-02-10,988.0,1002.0,949.36,994.79,17500537.07
2017-02-09,1053.4,1078.0,936.34,980.0,42679181.37
2017-02-08,1056.4,1068.2,1007.1,1055.0,18758915.89
2017-02-07,1022.3,1055.0,1021.7,1053.6,11266504.53
2017-02-06,1007.5,1026.3,1007.5,1023.0,7179731.27
2017-02-05,1030.1,1033.0,995.1,1010.0,9839573.86
2017-02-04,1018.8,1040.0,1001.6,1031.8,10996257.41
2017-02-03,1005.7,1020.5,986.11,1013.0,14909121.69
2017-02-02,985.97,1010.5,970.1,1006.5,13574833.24
2017-02-01,966.19,985.0,960.1,984.01,9123887.74
2017-01-31,917.3,969.4,916.93,968.42,13686424.05
2017-01-30,911.01,920.87,910.01,919.11,2451141.67
2017-01-29,919.53,922.99,910.72,912.99,2066392.58
2017-01-28,916.37,923.99,915.01,919.14,2795500.51
2017-01-27,916.01,922.16,905.05,916.37,6929366.59
2017-01-26,898.21,917.64,893.49,915.98,6059441.02
2017-01-25,887.66,899.61,884.2,893.19,7768262.04
2017-01-24,894.29,927.34,887.5,892.11,12551703.45
2017-01-23,924.07,928.82,910.01,919.0,7056920.61
2017-01-22,925.7,939.8,892.0,917.12,13624445.01
2017-01-21,894.47,931.01,893.89,924.28,8961827.67
2017-01-20,901.7,904.85,883.06,893.51,6875233.15
2017-01-19,892.49,910.03,883.55,899.97,10162566.97
2017-01-18,906.4,913.85,847.23,876.5,14598995.22
2017-01-17,830.98,910.8,828.0,904.1,19180739.03
2017-01-16,820.3,837.89,813.94,829.47,5024260.93
2017-01-15,820.02,822.98,805.03,821.15,3598559.21
2017-01-14,833.37,838.54,800.03,816.63,7861314.23
2017-01-13,814.8,832.39,775.61,825.89,18592012.31
2017-01-12,748.34,831.18,740.2,814.8,19261550.83
2017-01-11,908.89,923.66,760.0,786.44,36951421.76
2017-01-10,902.01,918.0,895.48,909.51,8766481.46
2017-01-09,914.78,914.9,875.0,906.25,12321576.78
2017-01-08,905.2,943.6,890.0,907.19,22020064.38
2017-01-07,896.9,911.09,815.0,899.87,26423271.54
2017-01-06,1003.9,1025.0,871.0,892.72,45814192.85
2017-01-05,1128.8,1166.0,851.0,988.1,70871745.44
2017-01-04,1038.9,1150.0,1036.4,1137.3,53619868.88
2017-01-03,1020.7,1038.7,1013.5,1038.6,12223004.43
2017-01-02,998.01,1035.0,994.1,1020.0,19527038.58
2017-01-01,965.03,1006.5,961.26,1000.0,11936275.58
2016-12-31,960.25,967.99,945.01,965.06,6221828.54
2016-12-30,970.0,971.0,929.5,960.04,16597068.3
2016-12-29,977.41,983.0,945.0,976.5,19266878.36
2016-12-28,943.14,983.0,940.0,982.99,17988450.26
2016-12-27,905.68,940.0,903.51,929.87,8007783.28
2016-12-26,903.53,920.0,894.21,907.71,9827247.08
2016-12-25,893.67,904.55,858.62,899.15,9919489.48
2016-12-24,919.5,919.99,882.53,893.02,6141697.35
2016-12-23,859.19,920.0,859.09,914.36,21424037.76
2016-12-22,830.0,874.0,828.35,860.02,12023333.04
2016-12-21,796.27,828.69,796.27,825.99,11058236.97
2016-12-20,790.67,802.0,787.86,801.42,4831047.02
2016-12-19,790.13,792.27,787.75,791.07,1557918.92
2016-12-18,790.99,792.8,784.36,790.32,1641743.23
2016-12-17,784.47,793.0,782.93,790.99,4418937.47
2016-12-16,777.79,785.06,775.85,784.08,3563603.38
2016-12-15,775.08,780.12,775.08,777.31,2404366.75
2016-12-14,776.16,781.16,771.15,774.5,2763541.43
2016-12-13,778.0,788.87,762.89,779.63,4275048.88
2016-12-12,770.21,785.0,770.21,778.0,5169955.74
2016-12-11,773.71,773.71,761.84,768.32,2779261.55
2016-12-10,770.03,777.77,770.03,773.35,2291986.43
2016-12-09,767.2,772.72,765.0,770.5,2732458.36
2016-12-08,765.01,773.2,762.66,768.08,3555555.05
2016-12-07,756.97,774.92,746.16,767.4,7965566.12
2016-12-06,752.51,758.5,750.88,756.81,3960046.65
2016-12-05,767.84,768.97,744.59,752.55,7432119.1
2016-12-04,764.27,769.99,758.82,767.85,3045714.4
2016-12-03,774.6,774.6,755.98,764.41,4295061.63
2016-12-02,755.43,779.21,755.37,774.01,10098599.97
2016-12-01,740.0,756.0,739.2,754.49,9966197.7
2016-11-30,730.72,743.14,728.98,740.0,3995889.49
2016-11-29,731.99,734.89,728.68,730.66,4091589.55
2016-11-28,725.76,734.99,725.68,731.74,3012659.82
2016-11-27,731.26,736.19,722.51,722.83,2442728.77
2016-11-26,740.42,741.12,720.0,731.99,3341647.32
2016-11-25,736.62,741.12,730.0,740.42,2838940.68
2016-11-24,742.4,744.32,727.61,737.33,4414149.43
2016-11-23,750.4,750.4,730.79,740.0,4091687.43
2016-11-22,739.0,753.91,733.25,747.96,7030683.66
2016-11-21,729.99,740.6,728.08,738.78,5178002.71
2016-11-20,752.04,757.0,711.16,729.79,10181087.49
2016-11-19,753.97,759.99,740.0,753.38,4217587.41
2016-11-18,738.46,759.89,734.5,751.34,4921510.26
2016-11-17,746.3,763.85,735.0,739.99,10760816.71
2016-11-16,711.02,747.49,710.0,744.98,12831301.18
2016-11-15,705.01,720.05,705.01,712.18,5689605.52
2016-11-14,703.97,709.91,698.76,705.01,4121433.86
2016-11-13,703.4,706.47,687.6,703.97,5994772.12
2016-11-12,714.8,716.99,700.1,703.8,4382945.13
2016-11-11,714.87,719.37,712.03,714.8,3278768.94
2016-11-10,724.39,725.0,709.13,714.87,3112144.34
2016-11-09,714.01,743.06,708.5,723.85,11469224.85
2016-11-08,704.78,717.99,703.0,714.01,6460637.84
2016-11-07,712.71,712.71,700.02,707.84,2581469.17
2016-11-06,709.23,721.61,700.01,713.01,4932171.51
2016-11-05,706.83,713.88,700.82,708.39,4199214.57
2016-11-04,696.91,710.9,687.01,708.44,9788092.9
2016-11-03,747.18,753.65,676.0,690.07,19474723.44
2016-11-02,731.41,739.95,723.59,737.89,6133423.06
2016-11-01,701.6,746.55,701.39,734.15,16244648.75
2016-10-31,701.74,709.0,687.6,701.9,6037646.6
2016-10-30,706.03,716.66,696.96,701.74,7872202.15
2016-10-29,692.92,724.0,692.29,719.88,10379135.59
2016-10-28,686.0,695.34,681.08,692.76,6988256.81
2016-10-27,678.7,690.92,676.69,686.0,8653445.54
2016-10-26,659.32,685.84,659.32,678.03,7713750.03
2016-10-25,654.64,670.0,652.6,656.14,3319347.54
2016-10-24,658.0,659.41,654.01,655.03,3700418.96
2016-10-23,670.7,670.88,656.04,657.27,3524901.53
2016-10-22,635.91,672.2,635.06,662.86,6547462.57
2016-10-21,632.39,639.0,632.3,636.15,4519102.75
2016-10-20,630.88,633.61,628.0,632.57,2057690.55
2016-10-19,639.33,644.0,627.84,631.32,5722802.18
2016-10-18,639.94,641.98,632.93,639.33,3830126.91
2016-10-17,644.5,644.5,637.58,639.94,3133729.61
2016-10-16,640.44,645.8,639.82,644.12,1503872.93
2016-10-15,643.37,645.69,637.91,639.6,1394439.94
2016-10-14,637.46,645.4,636.72,641.35,4181094.78
2016-10-13,637.17,644.29,636.38,637.46,3157081.63
2016-10-12,643.17,644.07,636.91,638.03,2394193.22
2016-10-11,619.24,646.86,618.06,643.66,7542981.98
2016-10-10,616.54,620.0,615.91,618.81,1662714.52
2016-10-09,620.76,620.91,614.01,616.56,1699080.19
2016-10-08,620.28,622.87,617.91,620.76,1834402.04
2016-10-07,613.55,621.71,613.0,618.82,2879956.79
2016-10-06,614.05,615.9,612.68,613.55,1878579.12
2016-10-05,611.0,617.28,610.0,614.05,2053376.86
2016-10-04,612.43,614.11,609.63,610.66,2468800.1
2016-10-03,610.03,618.0,608.91,612.43,1985588.51
2016-10-02,614.08,614.21,575.0,610.03,2957626.96
2016-10-01,613.72,616.87,611.44,614.08,1111289.51
2016-09-30,605.04,613.27,603.99,611.0,1384304.6
2016-09-29,604.08,607.96,603.04,604.31,1871126.21
2016-09-28,605.64,605.77,603.07,603.9,1197360.51
2016-09-27,609.53,609.91,602.01,605.0,1895096.2
2016-09-26,600.34,610.1,599.86,609.18,1889910.68
2016-09-25,602.81,603.99,597.3,600.34,872825.73
2016-09-24,603.29,606.0,601.0,602.81,522198.19
2016-09-23,595.95,603.99,595.95,603.28,1153594.16
2016-09-22,597.39,598.7,595.92,596.77,1385943.0
2016-09-21,598.05,600.05,595.01,597.76,3462413.3
2016-09-20,610.0,612.01,607.36,610.82,1634879.32
2016-09-19,612.69,615.05,608.6,609.76,1764443.34
2016-09-18,608.05,616.34,607.18,614.41,1732244.35
2016-09-17,610.01,610.75,604.96,607.82,2162509.03
2016-09-16,611.83,614.22,609.54,610.02,2258446.0
2016-09-15,613.89,617.93,611.0,611.83,2677303.9
2016-09-14,614.27,617.38,612.01,613.89,3615554.58
2016-09-13,611.8,640.0,610.0,613.91,4441138.96
2016-09-12,611.52,615.21,608.01,611.11,2909272.01
2016-09-11,626.37,635.0,595.36,610.51,5738885.3
2016-09-10,626.27,629.65,624.68,628.5,2504761.33
2016-09-09,631.99,632.35,621.24,625.26,2576595.59
2016-09-08,619.19,636.16,617.12,630.69,4882669.51
2016-09-07,615.49,620.0,610.83,618.7,3295847.17
2016-09-06,611.91,617.53,609.7,614.65,1853464.2
2016-09-05,611.73,615.68,603.84,612.67,2940458.32
2016-09-04,608.07,618.65,601.83,615.19,2974229.78
2016-09-03,580.56,615.0,576.04,608.25,5019581.16
2016-09-02,571.76,580.99,570.61,580.56,3096370.31
2016-09-01,577.14,577.98,571.43,572.1,2035075.25
2016-08-31,578.99,579.26,572.02,574.57,1956605.68
2016-08-30,574.77,580.28,574.07,578.98,1814323.79
2016-08-29,575.98,578.1,573.01,574.8,1480648.07
2016-08-28,569.45,574.54,568.18,574.09,842026.64
2016-08-27,578.07,578.99,567.23,568.5,1281486.51
2016-08-26,577.24,579.51,575.06,578.01,1018764.73
2016-08-25,580.76,581.14,574.01,577.24,2046292.32
2016-08-24,583.47,586.91,580.0,580.32,2879722.57
2016-08-23,587.61,590.69,581.1,584.34,2784483.47
2016-08-22,581.91,589.99,581.28,588.79,2663669.55
2016-08-21,580.91,584.27,580.0,580.42,1383542.16
2016-08-20,573.68,582.75,571.25,582.67,1823996.51
2016-08-19,572.15,577.25,570.82,573.06,1635146.13
2016-08-18,571.81,578.75,569.71,572.32,3401150.57
2016-08-17,574.51,578.5,569.0,571.2,2868265.41
2016-08-16,566.47,579.0,564.0,576.0,3498815.89
2016-08-15,569.95,575.75,562.99,565.75,4138951.39
2016-08-14,582.18,583.75,564.0,568.8,4246194.99
2016-08-13,585.6,590.02,582.0,583.2,3733188.93
2016-08-12,591.91,593.0,584.0,584.5,3461025.02
2016-08-11,590.07,599.75,584.59,591.37,8916603.18
2016-08-10,609.0,609.29,584.8,588.49,5792823.93
2016-08-09,604.1,604.1,604.1,604.1,0.0
2016-08-08,604.1,604.1,604.1,604.1,0.0
2016-08-07,604.1,604.1,604.1,604.1,0.0
2016-08-06,604.1,604.1,604.1,604.1,0.0
2016-08-05,604.1,604.1,604.1,604.1,0.0
2016-08-04,604.1,604.1,604.1,604.1,0.0
2016-08-03,604.1,604.1,604.1,604.1,0.0
2016-08-02,611.38,615.29,595.0,604.1,19271472.8
2016-08-01,623.54,627.35,605.01,607.52,18417513.07
2016-07-31,653.9,655.17,622.01,622.02,20060514.24
2016-07-30,659.79,660.46,647.79,654.93,5260336.84
2016-07-29,656.44,660.49,654.54,658.99,6016110.34
2016-07-28,656.93,659.67,652.52,655.51,5745680.12
2016-07-27,653.35,662.78,648.35,655.5,3862181.0
2016-07-26,653.28,657.61,640.56,653.35,12521391.5
2016-07-25,663.6,663.7,646.22,653.0,9365630.22
2016-07-24,655.77,664.15,650.52,661.58,9167017.68
2016-07-23,649.29,657.13,644.97,655.51,6310166.53
2016-07-22,663.65,668.0,639.41,646.72,17801853.36
2016-07-21,665.6,668.0,654.97,664.99,6919560.65
2016-07-20,675.08,676.0,661.0,667.22,8480645.47
2016-07-19,673.19,676.51,665.0,674.93,7027149.75
2016-07-18,683.99,686.74,666.02,674.19,11839820.79
2016-07-17,664.41,689.96,663.61,680.37,13189216.83
2016-07-16,667.49,669.65,659.12,664.97,3813124.89
2016-07-15,660.6,669.95,658.11,666.07,6097859.44
2016-07-14,656.64,667.5,649.89,661.13,12251824.47
2016-07-13,667.31,669.87,655.0,663.0,9859514.35
2016-07-12,648.83,679.9,645.45,675.5,19111887.49
2016-07-11,650.59,662.6,643.4,649.19,9117961.28
2016-07-10,647.02,651.47,636.09,650.59,6433351.46
2016-07-09,661.18,664.0,620.0,650.95,29339084.44
2016-07-08,640.57,666.51,633.75,665.19,20175177.23
2016-07-07,677.01,682.0,610.1,639.07,47917645.14
2016-07-06,669.65,682.9,666.71,676.05,10577227.46
2016-07-05,680.07,681.99,655.3,664.63,11424041.62
2016-07-04,659.93,679.8,644.46,678.85,14350512.47
2016-07-03,702.46,704.2,644.1,664.58,28484236.46
2016-07-02,675.83,706.0,675.0,702.48,19697052.1
2016-07-01,669.5,690.62,668.0,676.32,27490646.94
2016-06-30,641.85,677.0,635.57,673.9,25253376.68
2016-06-29,644.98,646.0,621.58,639.65,19898320.29
2016-06-28,660.98,662.49,631.65,646.48,21613426.3
2016-06-27,623.0,655.14,616.07,648.5,26981271.42
2016-06-26,665.06,667.2,614.33,627.0,28111340.01
2016-06-25,665.63,698.0,640.11,665.47,36456709.88
2016-06-24,627.5,679.99,627.5,660.58,58935978.68
2016-06-23,595.88,639.0,555.56,628.03,71505117.42
2016-06-22,673.2,688.32,594.5,596.04,60098092.08
2016-06-21,694.06,717.0,635.37,676.33,65094682.63
2016-06-20,763.45,767.77,721.0,743.9,34208086.84
2016-06-19,755.86,775.0,739.0,766.64,19448009.07
2016-06-18,748.0,789.78,720.0,758.11,49955978.03
2016-06-17,772.14,780.0,702.01,747.58,71093173.39
2016-06-16,713.99,779.0,702.02,767.5,85472774.28
2016-06-15,681.28,699.4,667.89,694.49,22915622.64
2016-06-14,700.21,700.21,656.51,686.08,44094266.51
2016-06-13,666.39,719.0,658.0,702.68,79644154.53
2016-06-12,611.28,685.0,607.32,668.67,70938943.93
2016-06-11,581.2,599.8,579.99,597.18,11138886.97
2016-06-10,576.3,582.43,572.5,580.0,9211740.0
2016-06-09,578.23,581.56,569.97,577.31,11260865.04
2016-06-08,576.6,585.15,570.62,582.82,10297873.68
2016-06-07,585.95,592.08,561.3,577.0,20679562.05
2016-06-06,575.28,588.6,574.0,585.24,15746050.21
2016-06-05,573.74,586.47,564.64,574.74,16143123.36
2016-06-04,570.0,593.89,560.1,572.58,22296269.63
2016-06-03,539.52,579.94,535.65,569.1,27063957.65
2016-06-02,536.02,544.0,532.37,539.0,8882891.29
2016-06-01,531.04,546.12,523.75,540.4,14548295.83
2016-05-31,535.66,546.5,518.0,530.3,26191720.29
2016-05-30,531.05,548.49,521.11,535.12,17132149.18
2016-05-29,527.0,570.0,512.11,527.11,42845833.84
2016-05-28,472.99,543.0,472.99,531.74,36699632.31
2016-05-27,453.99,482.31,453.97,473.94,27468050.25
2016-05-26,448.85,454.8,446.01,453.63,4227822.23
2016-05-25,445.84,450.51,442.5,448.27,5477044.84
2016-05-24,443.24,447.85,442.39,445.14,3676492.59
2016-05-23,437.78,443.0,436.51,442.97,3249361.06
2016-05-22,440.65,441.0,435.1,437.39,3126573.96
2016-05-21,442.11,442.16,435.3,440.82,2671658.98
2016-05-20,436.23,443.14,435.54,439.76,5731347.42
2016-05-19,453.94,454.71,440.0,440.33,10585275.39
2016-05-18,452.59,457.0,451.53,453.58,3169577.42
2016-05-17,453.02,454.91,451.0,452.45,3318792.3
2016-05-16,457.77,458.95,451.0,454.47,3872479.06
2016-05-15,455.79,460.67,454.31,457.97,2578306.75
2016-05-14,456.25,458.86,454.0,455.68,1632407.75
2016-05-13,455.1,457.5,452.0,456.24,3039656.8
2016-05-12,451.67,456.75,445.91,454.01,7821370.98
2016-05-11,451.84,454.68,450.01,452.23,3552319.62
2016-05-10,461.99,465.0,445.01,448.99,10094223.06
2016-05-09,458.4,465.4,457.8,461.86,6882416.19
2016-05-08,459.04,461.4,456.04,459.82,2726696.77
2016-05-07,461.52,463.05,458.3,460.4,3521390.08
2016-05-06,448.6,466.0,448.0,462.79,12057478.21
2016-05-05,447.25,451.68,445.51,449.01,4769688.63
2016-05-04,450.87,450.98,445.07,447.09,3144071.57
2016-05-03,443.81,452.0,440.1,451.1,5288116.13
2016-05-02,451.82,452.5,436.0,443.98,13113695.89
2016-05-01,447.78,452.99,445.69,450.04,1731702.42
2016-04-30,455.97,455.98,445.01,445.08,4556057.72
2016-04-29,450.6,457.49,445.8,455.41,5849778.8
2016-04-28,444.98,450.83,435.0,450.59,10879874.68
2016-04-27,468.59,470.17,445.98,447.52,17344376.83
2016-04-26,463.89,471.99,462.55,468.07,8516970.39
2016-04-25,463.22,471.58,455.0,466.43,10621657.23
2016-04-24,453.68,464.99,450.18,463.93,10951348.91
2016-04-23,447.8,454.95,445.67,452.52,4463476.35
2016-04-22,452.04,453.15,444.51,447.69,5390348.7
2016-04-21,443.1,454.5,443.04,451.99,7848044.84
2016-04-20,438.35,446.61,436.6,443.56,9231142.71
2016-04-19,430.27,439.0,428.54,437.73,5006605.76
2016-04-18,428.97,430.91,426.52,429.55,2996022.74
2016-04-17,432.32,433.49,426.37,428.8,3609440.88
2016-04-16,431.32,435.67,430.47,431.99,3278147.76
2016-04-15,426.01,432.49,426.01,431.49,6777761.76
2016-04-14,424.71,426.49,424.01,425.81,1680095.38
2016-04-13,426.01,427.68,423.0,424.95,2806050.91
2016-04-12,424.99,430.0,423.7,426.65,6091028.88
2016-04-11,421.43,423.9,418.8,423.01,2677404.81
2016-04-10,418.36,422.9,417.49,420.75,1751917.0
2016-04-09,418.42,418.5,412.0,418.37,2592866.8
2016-04-08,421.34,424.49,415.5,418.24,4128929.83
2016-04-07,422.34,422.86,417.78,421.26,3165022.04
2016-04-06,424.0,424.68,421.69,422.85,2383977.55
2016-04-05,420.01,425.0,419.61,424.53,3052754.53
2016-04-04,420.96,420.99,416.24,420.54,2135151.31
2016-04-03,420.49,421.82,416.0,420.65,1694801.06
2016-04-02,417.55,422.8,417.55,420.31,2500049.61
2016-04-01,416.21,417.6,414.0,416.8,2141873.84
2016-03-31,414.98,418.25,414.12,416.4,2874716.43
2016-03-30,415.21,416.0,408.58,413.5,3668379.7
2016-03-29,424.03,426.41,406.51,415.99,9647239.64
2016-03-28,426.73,427.99,422.38,424.1,3889713.42
2016-03-27,416.71,431.0,415.79,426.57,9494209.46
2016-03-26,416.16,419.4,413.2,416.7,2107456.82
2016-03-25,414.62,417.03,413.03,416.16,1927683.55
2016-03-24,417.32,418.19,414.0,415.65,3162785.67
2016-03-23,417.4,419.72,415.83,417.32,2961271.62
2016-03-22,411.05,418.68,409.88,416.7,4123951.5
2016-03-21,411.0,412.14,406.0,411.44,3148605.66
2016-03-20,409.01,413.2,407.92,411.92,2193113.95
2016-03-19,407.55,412.0,404.0,409.64,3536537.45
2016-03-18,417.96,418.86,403.01,408.71,8506557.28
2016-03-17,417.48,420.6,416.67,418.58,3413997.81
2016-03-16,416.2,418.0,413.96,417.4,2757279.35
2016-03-15,415.99,418.82,412.78,415.41,3942401.39
2016-03-14,412.26,417.99,411.7,415.22,3827523.76
2016-03-13,410.56,416.0,410.31,412.26,3063710.45
2016-03-12,420.22,421.81,406.38,410.99,6961462.83
2016-03-11,416.63,423.6,415.5,420.0,6384525.47
2016-03-10,413.01,418.24,410.68,417.16,5632906.08
2016-03-09,410.35,414.5,407.47,412.83,3617348.63
2016-03-08,413.35,416.0,406.0,411.53,4151750.85
2016-03-07,403.5,415.8,401.51,414.51,5984633.52
2016-03-06,396.63,409.5,392.01,403.93,7522446.21
2016-03-05,408.73,410.14,389.0,397.42,18296978.7
2016-03-04,420.56,423.99,407.5,409.62,8809050.89
2016-03-03,422.49,424.34,416.4,420.97,8014360.53
2016-03-02,434.35,436.45,423.76,424.53,6336030.47
2016-03-01,439.58,442.79,427.26,434.0,8445320.66
2016-02-29,432.51,445.0,430.51,440.0,8667635.41
2016-02-28,434.27,437.89,422.1,434.4,8424284.98
2016-02-27,436.3,438.6,431.81,434.0,4611424.61
2016-02-26,423.61,433.84,419.83,431.47,7022241.63
2016-02-25,427.18,430.0,419.5,425.36,5477626.84
2016-02-24,422.29,427.5,409.69,424.61,9329872.7
2016-02-23,440.7,442.67,416.24,421.6,13676469.01
2016-02-22,437.03,442.5,433.01,440.02,6622738.79
2016-02-21,441.01,451.6,428.01,440.53,18706883.52
2016-02-20,420.59,445.96,420.09,443.01,20119249.28
2016-02-19,421.76,422.54,412.0,419.06,5476183.98
2016-02-18,414.08,426.21,412.51,421.51,10275840.96
2016-02-17,407.62,421.9,405.16,416.09,12116033.12
2016-02-16,401.93,408.77,398.66,407.31,5510537.09
2016-02-15,409.82,412.5,395.23,400.69,11835834.35
2016-02-14,394.57,407.25,393.0,406.5,10965085.77
2016-02-13,382.99,392.08,382.6,389.0,5321608.29
2016-02-12,378.77,383.53,377.04,382.27,3669342.46
2016-02-11,380.77,383.23,372.25,377.47,5325175.79
2016-02-10,373.57,387.0,373.13,380.88,12699885.49
2016-02-09,370.31,377.96,370.04,373.97,3318839.43
2016-02-08,373.16,377.0,369.01,370.0,6125363.42
2016-02-07,374.48,377.8,369.17,372.32,4784482.22
2016-02-06,386.32,386.32,365.0,373.5,15029483.68
2016-02-05,387.99,393.0,384.19,386.81,6237814.4
2016-02-04,369.0,393.89,369.0,392.57,14053673.51
2016-02-03,372.87,374.0,365.65,367.5,4814164.74
2016-02-02,372.43,374.8,369.69,373.0,3821555.69
2016-02-01,366.89,379.27,363.23,370.72,8778348.42
2016-01-31,376.69,378.9,365.0,367.01,4371077.92
2016-01-30,377.56,380.6,374.0,376.99,3847112.56
2016-01-29,374.39,386.0,360.03,378.8,22525707.76
2016-01-28,394.78,395.48,375.01,379.0,9283620.24
2016-01-27,390.49,396.99,390.27,395.12,3167927.89
2016-01-26,392.44,398.0,386.66,389.41,5020825.03
2016-01-25,399.1,402.27,384.0,392.55,8106291.08
2016-01-24,386.71,407.33,385.87,403.76,9143315.88
2016-01-23,382.9,394.81,379.85,387.68,7936044.57
2016-01-22,411.01,411.2,371.25,381.49,23720821.33
2016-01-21,418.94,424.57,405.0,410.9,11710297.62
2016-01-20,378.97,428.0,375.01,415.95,32495689.27
2016-01-19,386.15,388.61,377.41,379.9,6364129.89
2016-01-18,383.21,390.0,375.01,386.06,7143647.86
2016-01-17,388.05,393.31,378.76,384.3,6984493.53
2016-01-16,367.0,387.98,352.5,387.23,25436510.37
2016-01-15,428.9,429.11,365.51,375.0,46025410.27
2016-01-14,430.79,435.0,426.0,429.0,5643679.18
2016-01-13,432.64,436.36,416.0,431.27,13080083.77
2016-01-12,446.49,449.98,444.31,446.13,4603800.22
2016-01-11,448.9,452.49,443.42,449.1,6396297.27
2016-01-10,449.66,449.87,441.01,447.85,5802400.32
2016-01-09,453.93,456.01,447.07,450.01,3889886.71
2016-01-08,459.0,465.0,446.55,453.9,15244439.46
2016-01-07,429.09,459.52,427.11,459.0,23156236.3
2016-01-06,431.18,432.24,425.03,431.02,3476135.28
2016-01-05,432.8,434.91,427.91,431.12,4795001.04
2016-01-04,428.21,435.67,426.97,432.77,5462825.91
2016-01-03,432.96,433.07,421.73,429.0,8061180.65
2016-01-02,434.5,435.8,430.0,432.88,2534639.03
2016-01-01,430.0,436.49,426.26,434.1,5518307.21
2015-12-31,423.0,432.59,412.5,428.51,8845560.46
2015-12-30,430.49,434.0,420.0,425.34,9154735.78
2015-12-29,421.0,433.55,418.01,430.13,9059092.05
2015-12-28,424.99,429.0,417.01,419.69,9753780.25
2015-12-27,414.56,424.89,407.0,422.87,11170635.09
2015-12-26,455.25,460.05,405.5,416.51,40995336.67
2015-12-25,456.57,460.0,445.0,455.85,6819698.26
2015-12-24,443.0,459.1,442.45,456.5,8955798.83
2015-12-23,435.06,445.76,433.62,443.2,7001265.01
2015-12-22,437.68,443.64,433.0,436.69,7922136.53
2015-12-21,437.72,447.45,424.37,438.04,18336586.88
2015-12-20,461.84,462.78,431.5,442.47,20469545.85
2015-12-19,462.88,467.0,452.0,461.07,9655196.52
2015-12-18,456.55,466.6,450.1,462.87,12317794.96
2015-12-17,454.71,458.56,446.21,456.89,7971263.73
2015-12-16,465.69,469.99,440.0,454.87,30290815.39
2015-12-15,445.85,467.29,443.0,464.84,18555977.11
2015-12-14,430.47,450.0,430.21,441.7,11337028.57
2015-12-13,433.04,443.92,415.24,436.02,14098605.93
2015-12-12,453.55,475.04,402.5,435.0,44634199.77
2015-12-11,416.39,455.0,416.04,453.51,31036007.37
2015-12-10,420.66,421.82,411.09,415.72,8472916.72
2015-12-09,417.41,426.59,405.0,417.67,20912810.98
2015-12-08,397.0,418.35,388.37,417.99,9746394.03
2015-12-07,387.5,404.24,384.53,396.45,12523960.97
2015-12-06,393.73,407.57,386.01,397.86,22129296.81
2015-12-05,363.89,395.0,362.08,388.92,16945599.91
2015-12-04,360.88,364.4,354.31,362.07,5196428.77
2015-12-03,358.89,371.5,352.25,360.09,9831810.14
2015-12-02,361.18,363.22,346.13,359.59,10978177.77
2015-12-01,378.23,379.99,353.1,362.18,15927980.76
2015-11-30,373.99,384.99,368.11,379.0,17692585.26
2015-11-29,358.83,376.0,355.17,373.0,9132042.94
2015-11-28,355.16,362.44,351.0,357.29,5850617.3
2015-11-27,351.79,367.0,348.18,361.97,12127271.11
2015-11-26,330.8,369.9,329.89,356.29,27346961.49
2015-11-25,320.46,332.43,316.02,328.73,6639224.9
2015-11-24,323.6,323.77,315.55,319.24,2993114.13
2015-11-23,324.17,327.5,320.9,323.41,2497116.95
2015-11-22,327.48,327.66,320.36,323.1,2223545.15
2015-11-21,322.36,329.35,318.95,325.49,3244958.72
2015-11-20,326.61,326.77,309.46,322.48,9461812.4
2015-11-19,335.62,336.57,324.02,325.53,6153761.55
2015-11-18,336.28,338.99,327.91,337.31,4824539.98
2015-11-17,332.0,342.5,331.05,336.02,9021486.89
2015-11-16,320.13,335.0,315.2,331.79,8240732.91
2015-11-15,333.44,336.6,315.0,318.12,9888810.78
2015-11-14,338.44,340.72,328.5,333.15,6733233.86
2015-11-13,336.5,343.75,326.22,336.24,9875649.72
2015-11-12,317.51,346.44,314.14,336.31,17909535.56
2015-11-11,340.28,343.79,300.28,308.7,36020257.73
2015-11-10,372.0,383.4,327.02,339.71,29242641.19
2015-11-09,373.32,388.99,360.0,381.94,13607333.61
2015-11-08,386.0,390.33,365.56,373.7,11150137.05
2015-11-07,370.66,392.23,370.55,387.44,13181719.44
2015-11-06,385.57,396.78,351.2,370.66,39300707.15
2015-11-05,391.77,449.95,370.0,382.64,59991225.88
2015-11-04,408.28,504.0,366.66,399.98,119142143.27
2015-11-03,364.0,423.88,361.11,398.8,66221637.08
2015-11-02,331.73,373.12,326.8,364.86,24388156.57
2015-11-01,318.1,333.49,313.6,332.16,7908824.0
2015-10-31,331.56,335.87,307.2,315.3,13148727.01
2015-10-30,314.72,336.0,313.82,328.25,20048674.78
2015-10-29,303.59,321.53,301.5,315.03,15558927.44
2015-10-28,296.7,307.99,295.79,303.95,10467802.58
2015-10-27,287.24,298.86,286.71,295.59,7798862.8
2015-10-26,286.21,287.92,282.25,286.63,4765919.03
2015-10-25,284.45,295.99,281.2,288.86,10861129.51
2015-10-24,279.66,284.45,279.66,284.43,3596468.47
2015-10-23,275.58,280.9,275.15,277.99,4301103.18
2015-10-22,268.29,279.97,267.3,275.89,7437313.78
2015-10-21,270.72,272.28,264.1,267.56,2767007.1
2015-10-20,266.5,273.97,264.39,270.82,3742037.93
2015-10-19,265.73,268.28,262.35,265.03,2846622.36
2015-10-18,274.47,274.66,263.3,264.44,3959399.24
2015-10-17,263.07,275.19,258.32,271.32,10948021.36
2015-10-16,254.92,267.83,254.92,263.27,5637612.92
2015-10-15,253.59,257.5,253.44,254.99,2591115.27
2015-10-14,251.14,255.95,250.1,253.5,2541422.56
2015-10-13,246.01,253.43,244.0,250.34,4093706.26
2015-10-12,247.85,248.45,245.21,246.23,1226918.93
2015-10-11,245.97,248.73,243.75,248.1,1196992.54
2015-10-10,244.99,246.41,243.5,246.02,1009051.69
2015-10-09,242.7,245.45,242.63,244.85,868782.67
2015-10-08,244.03,245.65,242.62,243.64,1453818.48
2015-10-07,247.36,247.93,243.5,244.11,2107840.15
2015-10-06,242.0,249.01,241.51,247.31,3968336.96
2015-10-05,239.49,242.0,236.24,241.8,2720130.22
2015-10-04,239.73,240.93,239.29,239.48,480138.52
2015-10-03,237.85,241.11,237.68,239.85,1470879.02
2015-10-02,238.15,240.0,237.33,237.66,1299147.04
2015-10-01,236.59,240.09,236.19,238.47,1446204.95
2015-09-30,236.99,238.78,235.11,236.59,1195196.93
2015-09-29,240.8,241.5,236.88,237.9,2107606.04
2015-09-28,233.42,241.44,233.4,241.09,2962573.09
2015-09-27,234.59,234.78,233.0,233.54,599660.92
2015-09-26,235.69,235.95,233.75,235.08,1095223.22
2015-09-25,234.64,237.7,233.05,235.64,2322721.05
2015-09-24,230.63,236.25,230.6,234.61,3563118.61
2015-09-23,232.25,233.0,230.03,230.25,1150791.69
2015-09-22,227.83,233.95,224.25,230.61,4214878.96
2015-09-21,232.53,232.97,226.38,227.09,2229842.43
2015-09-20,232.09,233.38,231.4,232.53,799966.52
2015-09-19,233.22,234.19,231.4,232.09,1173948.64
2015-09-18,233.51,236.26,232.52,233.22,2037586.95
2015-09-17,228.97,235.71,228.93,233.51,2608141.69
2015-09-16,231.06,232.12,227.33,228.97,2022849.82
2015-09-15,230.96,232.93,229.5,231.06,1579388.92
2015-09-14,231.15,233.9,228.4,230.96,2227747.76
2015-09-13,236.82,237.17,228.95,231.15,2754139.25
2015-09-12,241.0,241.0,235.33,236.82,2287803.45
2015-09-11,239.69,242.78,239.25,241.0,1632372.96
2015-09-10,238.93,241.9,237.01,239.69,2594756.82
2015-09-09,244.12,245.57,238.38,238.93,3721902.68
2015-09-08,240.34,247.68,240.26,244.12,4011656.97
2015-09-07,240.74,243.0,239.03,240.34,1634411.17
2015-09-06,235.73,248.48,235.5,240.74,4976257.17
2015-09-05,231.19,239.76,230.01,235.73,2839856.93
2015-09-04,226.66,231.66,226.66,231.19,2486507.68
2015-09-03,229.37,229.99,226.1,226.66,1582610.17
2015-09-02,227.6,231.89,226.51,229.37,2072634.63
2015-09-01,230.8,232.39,226.55,227.6,2233445.41
2015-08-31,229.17,233.69,225.31,230.8,2578555.28
2015-08-30,229.17,233.96,225.2,229.17,2061181.55
2015-08-29,232.92,234.03,227.16,229.17,2330256.46
2015-08-28,224.06,238.9,220.11,232.92,6218034.2
2015-08-27,225.98,229.5,224.0,224.06,2626395.96
2015-08-26,222.0,232.38,220.1,225.98,5267056.71
2015-08-25,212.63,228.77,196.6,222.0,14410194.33
2015-08-24,227.53,229.07,207.62,212.63,10841900.7
2015-08-23,230.03,232.88,225.58,227.53,2734484.24
2015-08-22,232.82,234.71,221.77,230.03,4788302.04
2015-08-21,235.52,236.43,230.52,232.82,2993648.45
2015-08-20,226.29,237.94,221.49,235.52,6288594.52
2015-08-19,246.3,255.08,162.0,226.29,27261039.12
2015-08-18,258.49,258.5,246.27,246.3,10412362.1
2015-08-17,259.71,262.37,257.4,258.49,2582333.66
2015-08-16,262.2,262.9,256.5,259.71,7232531.12
2015-08-15,266.57,267.76,260.96,262.2,2643109.79
2015-08-14,264.55,268.97,262.13,266.57,3553585.64
2015-08-13,269.42,269.42,263.33,264.55,3533759.25
2015-08-12,271.22,273.75,265.8,269.42,4339867.53
2015-08-11,264.96,272.99,264.81,271.22,3425105.31
2015-08-10,266.18,267.72,262.17,264.96,2842795.23
2015-08-09,261.13,267.6,260.68,266.18,5586331.32
2015-08-08,279.25,280.32,260.62,261.13,9858447.63
2015-08-07,279.1,281.0,276.07,279.25,3465276.0
2015-08-06,282.38,282.64,278.0,279.1,2854829.42
2015-08-05,284.72,285.94,281.49,282.38,2178457.33
2015-08-04,283.51,285.94,281.25,284.72,3521558.44
2015-08-03,282.34,287.05,279.7,283.51,3971055.98
2015-08-02,280.95,283.44,276.26,282.34,3287006.82
2015-08-01,284.38,284.99,276.53,280.95,3402643.89
2015-07-31,287.66,289.85,281.0,284.38,4166641.25
2015-07-30,289.15,291.0,284.01,287.66,3558448.06
2015-07-29,295.07,295.68,286.02,289.15,4505454.95
2015-07-28,294.71,298.93,293.61,295.07,4362469.79
2015-07-27,292.57,298.74,286.0,294.71,7361492.48
2015-07-26,289.76,294.57,288.12,292.57,2816573.6
2015-07-25,289.3,292.35,286.39,289.76,3365849.62
2015-07-24,276.38,289.93,276.02,289.3,6804666.43
2015-07-23,278.12,278.44,275.56,276.38,1532368.03
2015-07-22,276.1,278.39,274.5,278.12,2999577.19
2015-07-21,278.95,282.1,275.09,276.1,3723868.9
2015-07-20,275.03,280.0,273.5,278.95,3202840.49
2015-07-19,277.31,279.18,274.69,275.03,2192745.97
2015-07-18,279.67,283.33,276.12,277.31,4337798.96
2015-07-17,278.89,281.55,272.0,279.67,7096065.92
2015-07-16,284.0,295.0,275.21,278.89,15249856.27
2015-07-15,287.96,294.44,283.51,284.0,6094214.04
2015-07-14,291.89,297.25,286.0,287.96,6737579.9
2015-07-13,311.51,312.0,281.5,291.89,21608865.2
2015-07-12,293.78,316.23,291.81,311.51,18710635.29
2015-07-11,293.61,295.42,292.4,293.78,364057.29
2015-07-10,272.0,272.0,272.0,272.0,0.0
2015-07-09,272.0,272.0,272.0,272.0,0.0
2015-07-08,272.0,272.0,272.0,272.0,0.0
2015-07-07,272.0,272.0,272.0,272.0,0.0
2015-07-06,270.17,278.69,267.33,272.0,9641.56
2015-07-05,260.85,277.58,258.0,270.17,704526.58
2015-07-04,255.38,262.64,253.57,260.85,2749608.42
2015-07-03,254.59,256.9,252.11,255.38,2957503.24
2015-07-02,257.83,262.61,253.0,254.59,4422772.58
2015-07-01,264.5,264.81,252.77,257.83,5670726.94
2015-06-30,257.01,269.0,253.05,264.5,12408717.24
2015-06-29,249.34,257.74,248.57,257.01,8828406.56
2015-06-28,251.47,252.06,247.25,249.34,3152292.96
2015-06-27,243.17,251.77,242.6,251.47,4476775.67
2015-06-26,242.49,243.9,240.61,243.17,2452932.97
2015-06-25,240.45,243.0,239.5,242.49,2254668.6
2015-06-24,244.0,244.27,239.0,240.45,3704516.64
2015-06-23,247.35,247.35,242.0,244.0,2781373.82
2015-06-22,243.82,247.99,243.5,247.35,4502474.53
2015-06-21,245.3,245.69,241.09,243.82,1990342.81
2015-06-20,244.57,245.95,240.0,245.3,5981262.18
2015-06-19,249.11,252.13,243.5,244.57,5758013.7
2015-06-18,246.93,253.7,243.0,249.11,6829549.92
2015-06-17,251.48,259.1,246.0,246.93,12087271.56
2015-06-16,237.18,254.0,236.0,251.48,12243880.11
2015-06-15,233.58,238.16,233.31,237.18,4515998.59
2015-06-14,232.72,235.44,232.51,233.58,1936118.7
2015-06-13,229.82,234.3,228.4,232.72,2615105.12
2015-06-12,229.69,231.34,229.11,229.82,2220804.49
2015-06-11,228.74,230.7,228.6,229.69,2160876.76
2015-06-10,229.52,229.97,227.48,228.74,2505202.24
2015-06-09,228.5,232.07,227.79,229.52,3725315.85
2015-06-08,223.45,230.63,223.25,228.5,6570924.91
2015-06-07,224.68,228.0,222.29,223.45,4147859.6
2015-06-06,224.44,226.37,223.9,224.68,1246754.84
2015-06-05,223.17,229.23,222.65,224.44,4021547.46
2015-06-04,225.34,225.77,222.64,223.17,2463291.81
2015-06-03,224.31,227.0,222.26,225.34,3817598.47
2015-06-02,221.97,226.0,220.97,224.31,3694507.67
2015-06-01,228.59,230.89,219.71,221.97,7175381.61
2015-05-31,232.3,232.99,227.0,228.59,2676639.56
2015-05-30,236.45,236.81,228.2,232.3,3366947.9
2015-05-29,236.82,237.16,235.02,236.45,1618056.66
2015-05-28,236.73,237.5,235.85,236.82,1426119.1
2015-05-27,237.4,239.3,235.0,236.73,2122389.91
2015-05-26,236.9,238.5,235.26,237.4,2093218.42
2015-05-25,241.01,241.12,236.1,236.9,2043440.91
2015-05-24,238.8,242.98,238.52,241.01,1740186.7
2015-05-23,240.92,241.82,237.54,238.8,2168898.61
2015-05-22,235.2,241.83,234.59,240.92,5299519.14
2015-05-21,233.85,236.5,233.85,235.2,2486289.06
2015-05-20,231.76,235.24,231.26,233.85,2671752.01
2015-05-19,232.0,236.76,231.19,231.76,1417681.02
2015-05-18,236.49,237.25,229.0,232.0,3286691.0
2015-05-17,235.71,238.24,235.6,236.49,1150863.49
2015-05-16,237.11,237.58,234.0,235.71,1422779.3
2015-05-15,236.63,239.0,233.88,237.11,2271369.9
2015-05-14,236.4,238.39,232.1,236.63,4643708.28
2015-05-13,242.46,245.0,234.22,236.4,6776979.42
2015-05-12,242.85,244.67,240.86,242.46,3177594.62
2015-05-11,240.58,245.49,238.5,242.85,3800696.06
2015-05-10,242.55,245.95,238.79,240.58,2869134.78
2015-05-09,244.75,249.21,240.1,242.55,4725248.25
2015-05-08,237.52,249.22,235.66,244.75,7727308.38
2015-05-07,229.74,239.79,227.81,237.52,6301218.65
2015-05-06,235.46,236.75,226.42,229.74,10954983.7
2015-05-05,239.01,239.49,231.05,235.46,6097569.04
2015-05-04,240.34,243.6,236.98,239.01,5942074.73
2015-05-03,235.07,243.73,233.75,240.34,4587767.58
2015-05-02,232.8,235.79,231.31,235.07,2192424.93
2015-05-01,235.64,239.25,231.26,232.8,3780970.84
2015-04-30,225.34,240.89,224.63,235.64,9697487.46
2015-04-29,225.25,227.8,222.66,225.34,2687371.88
2015-04-28,227.41,228.28,222.16,225.25,3954137.75
2015-04-27,219.39,232.49,218.24,227.41,7805497.05
2015-04-26,226.02,226.84,213.92,219.39,9033043.42
2015-04-25,231.73,232.7,225.35,226.02,3011012.08
2015-04-24,235.25,237.22,228.7,231.73,5505129.65
2015-04-23,234.53,235.76,233.0,235.25,1835916.77
2015-04-22,234.37,238.99,232.0,234.53,5617505.96
2015-04-21,224.21,236.5,224.1,234.37,6892018.26
2015-04-20,223.22,227.0,221.24,224.21,4484304.64
2015-04-19,222.97,227.0,222.1,223.22,3965289.9
2015-04-18,222.42,224.16,219.94,222.97,2623795.09
2015-04-17,228.3,228.98,219.58,222.42,6051099.42
2015-04-16,222.92,230.0,222.84,228.3,6717348.59
2015-04-15,218.71,224.75,218.71,222.92,5195993.12
2015-04-14,225.49,225.93,216.37,218.71,9072017.43
2015-04-13,236.67,237.7,220.14,225.49,10605496.24
2015-04-12,237.38,238.7,232.38,236.67,2404156.47
2015-04-11,234.99,240.58,233.72,237.38,4212454.68
2015-04-10,242.65,243.87,230.75,234.99,8779200.94
2015-04-09,244.96,246.79,236.5,242.65,5493893.77
2015-04-08,254.92,254.99,242.72,244.96,9807179.38
2015-04-07,255.81,257.9,253.01,254.92,2724103.24
2015-04-06,260.53,262.45,253.4,255.81,5296679.24
2015-04-05,253.9,261.25,251.55,260.53,6198045.49
2015-04-04,254.12,255.7,250.32,253.9,2351734.92
2015-04-03,253.11,256.49,250.31,254.12,7206777.03
2015-04-02,246.43,254.94,243.0,253.11,5935950.99
2015-04-01,244.42,247.89,239.21,246.43,5216062.22
2015-03-31,247.9,248.8,242.0,244.42,5538544.5
2015-03-30,242.23,250.98,236.24,247.9,7491359.46
2015-03-29,253.05,253.05,238.89,242.23,7781423.43
2015-03-28,247.5,255.96,246.12,253.05,4593944.06
2015-03-27,249.8,250.45,245.23,247.5,5494965.57
2015-03-26,246.15,255.0,244.5,249.8,8289565.28
2015-03-25,247.3,250.95,235.7,246.15,13349382.19
2015-03-24,266.78,268.4,241.39,247.3,15720801.73
2015-03-23,269.33,271.5,262.0,266.78,6374502.51
2015-03-22,260.37,270.8,259.74,269.33,4748216.13
2015-03-21,262.66,263.01,255.1,260.37,3932500.29
2015-03-20,262.05,267.0,259.36,262.66,4328441.8
2015-03-19,257.49,269.5,246.98,262.05,20177686.14
2015-03-18,285.0,285.5,248.0,257.49,23520537.51
2015-03-17,291.1,292.9,281.56,285.0,6363650.41
2015-03-16,286.12,295.2,286.12,291.1,6538607.02
2015-03-15,283.0,287.8,281.59,286.12,3846739.5
2015-03-14,287.9,287.91,281.36,283.0,7697730.93
2015-03-13,295.65,295.91,285.0,287.9,12368444.8
2015-03-12,296.33,298.8,291.04,295.65,8044592.43
2015-03-11,292.62,298.75,290.8,296.33,7898592.99
2015-03-10,291.2,303.96,289.03,292.62,19689801.8
2015-03-09,275.23,295.0,275.01,291.2,17935918.08
2015-03-08,275.95,278.68,271.61,275.23,4059996.89
2015-03-07,273.89,280.76,270.55,275.95,6096102.1
2015-03-06,278.51,279.75,268.8,273.89,11083898.02
2015-03-05,273.74,284.99,262.0,278.51,18281541.95
2015-03-04,283.2,285.99,267.0,273.74,19833718.19
2015-03-03,277.3,294.0,267.04,283.2,21157890.72
2015-03-02,262.47,276.0,259.6,275.99,9448438.14
2015-03-01,255.7,265.0,245.65,261.15,6156716.71
2015-02-28,255.05,257.33,251.25,255.77,2721373.29
2015-02-27,237.0,262.8,236.64,256.4,17536633.13
2015-02-26,238.0,238.34,233.62,237.0,4418655.89
2015-02-25,239.68,240.83,235.53,238.0,3230232.16
2015-02-24,239.73,240.99,236.7,239.68,4013461.44
2015-02-23,236.59,241.0,232.61,239.73,5666261.84
2015-02-22,245.1,247.78,232.1,236.59,7971863.56
2015-02-21,245.53,247.73,243.28,245.1,4052466.26
2015-02-20,241.9,248.98,238.95,245.53,8136342.67
2015-02-19,234.8,243.42,234.62,241.9,5446200.04
2015-02-18,242.87,244.99,231.01,234.8,9164141.83
2015-02-17,236.78,246.28,231.5,242.87,10228035.45
2015-02-16,234.14,243.65,228.62,236.78,10798751.12
2015-02-15,257.0,266.84,228.2,234.14,17384420.7
2015-02-14,236.13,261.3,235.51,258.12,10739014.48
2015-02-13,222.39,241.76,221.46,236.0,6806972.89
2015-02-12,219.19,223.2,217.87,222.6,2468883.37
2015-02-11,220.96,224.4,218.1,219.19,4268986.79
2015-02-10,220.61,223.88,214.0,220.96,6402350.57
2015-02-09,224.22,225.0,215.4,220.61,6493501.42