date,open,high,low,close,volume
2020-01-01 00:00:00,7208.3,7285.1,7185.4,7212.7,14993026.32
2020-01-02 00:00:00,7212.7,7225.8,6963.0,6989.4,34321807.28
2020-01-03 00:00:00,6989.4,7444.9,6909.3,7370.4,48359196.72
2020-01-04 00:00:00,7370.4,7422.0,7297.3,7369.83,31385540.36
2020-01-05 00:00:00,7370.3,7509.9,7315.8,7364.6,33105719.3
2020-01-06 00:00:00,7364.6,7785.0,7358.0,7757.9,64874323.8
2020-01-07 00:00:00,7757.9,8210.3,7741.9,8154.1,98096735.63
2020-01-08 00:00:00,8154.1,8442.0,7877.6,8036.8,96131138.38
2020-01-09 00:00:00,8036.8,8036.8,7756.0,7817.45,36842360.15
2020-01-10 00:00:00,7817.45,8185.9,7675.8,8183.0,62465691.66
2020-01-11 00:00:00,8183.0,8282.4,7991.8,8013.7,34520377.58
2020-01-12 00:00:00,8013.63,8174.7,7951.7,8174.7,25988431.58
2020-01-13 00:00:00,8174.7,8199.7,8053.6,8095.8,21018045.85
2020-01-14 00:00:00,8095.8,8829.0,8095.8,8775.0,142180337.82
2020-01-15 00:00:00,8775.0,8873.0,8560.1,8807.7,76709277.03
2020-01-16 00:00:00,8807.7,8839.9,8579.8,8720.6,46071195.53
2020-01-17 00:00:00,8720.6,9000.0,8674.2,8875.4,85935548.7
2020-01-18 00:00:00,8875.4,8965.0,8791.12,8891.6,30766362.59
2020-01-19 00:00:00,8891.6,9169.5,8450.0,8698.7,109108758.06
2020-01-20 00:00:00,8698.7,8741.1,8519.6,8638.2,35462879.64
2020-01-21 00:00:00,8638.2,8787.17,8500.0,8734.1,28115565.18
2020-01-22 00:00:00,8734.1,8799.9,8580.5,8663.9,20422153.03
2020-01-23 00:00:00,8663.9,8670.4,8296.0,8403.57,48177646.53
2020-01-24 00:00:00,8403.57,8523.0,8246.0,8447.13,29465412.81
2020-01-25 00:00:00,8447.13,8447.2,8280.0,8353.7,17540731.4
2020-01-26 00:00:00,8353.7,8631.6,8301.0,8621.5,29842126.14
2020-01-27 00:00:00,8621.5,9001.86,8585.0,8912.0,55252114.12
2020-01-28 00:00:00,8912.0,9414.0,8911.1,9397.0,83117277.09
2020-01-29 00:00:00,9397.0,9442.3,9242.2,9301.56,43061746.54
2020-01-30 00:00:00,9301.56,9550.0,9122.8,9512.71,84959333.76
2020-01-31 00:00:00,9512.71,9519.9,9220.3,9367.4,45592354.1
2020-02-01 00:00:00,9367.4,9476.4,9318.0,9408.0,23839500.26
2020-02-02 00:00:00,9408.0,9501.3,9165.0,9353.0,60475216.82
2020-02-03 00:00:00,9353.0,9628.6,9247.0,9309.3,63152069.08
2020-02-04 00:00:00,9309.3,9359.8,9112.5,9197.4,37519626.25
2020-02-05 00:00:00,9197.4,9731.9,9180.2,9612.0,102776055.04
2020-02-06 00:00:00,9612.0,9860.0,9547.0,9744.9,83312391.96
2020-02-07 00:00:00,9744.9,9860.0,9683.9,9805.2,36187557.62
2020-02-08 00:00:00,9805.2,9920.8,9657.8,9877.2,54312601.98
2020-02-09 00:00:00,9877.2,10165.0,9871.1,10151.0,96911069.39
2020-02-10 00:00:00,10151.0,10187.0,9701.0,9851.2,84381817.07
2020-02-11 00:00:00,9851.2,10316.0,9720.0,10247.0,85197401.81
2020-02-12 00:00:00,10247.0,10460.0,10238.0,10338.0,89988385.71
2020-02-13 00:00:00,10338.0,10491.0,10058.0,10222.0,92221604.02
2020-02-14 00:00:00,10222.0,10373.0,10101.0,10335.05,42316870.42
2020-02-15 00:00:00,10335.0,10373.0,9800.0,9900.9,64099074.36
2020-02-16 00:00:00,9900.9,10037.0,9651.3,9926.8,68270847.74
2020-02-17 00:00:00,9926.8,9969.2,9501.5,9708.0,90017090.61
2020-02-18 00:00:00,9708.0,10275.0,9625.8,10184.0,82121018.57
2020-02-19 00:00:00,10184.0,10310.0,9290.0,9592.4,136859180.62
2020-02-20 00:00:00,9592.4,9699.9,9359.7,9608.1,62162837.38
2020-02-21 00:00:00,9608.1,9760.3,9566.8,9692.9,107474071.31
2020-02-22 00:00:00,9692.9,9719.0,9565.1,9663.0,17799307.14
2020-02-23 00:00:00,9663.0,10001.0,9660.0,9985.0,72474151.24
2020-02-24 00:00:00,9985.0,10022.0,9441.2,9674.1,64033935.75
2020-02-25 00:00:00,9674.1,9691.9,9251.4,9327.5,80074231.38
2020-02-26 00:00:00,9327.5,9385.9,8652.7,8813.2,131034444.24
2020-02-27 00:00:00,8813.2,8975.0,8555.0,8825.6,73646392.67
2020-02-28 00:00:00,8825.6,8908.3,8455.1,8728.0,61300422.26
2020-02-29 00:00:00,8728.2,8829.0,8557.3,8561.5,21706866.01
2020-03-01 00:00:00,8561.5,8775.0,8460.0,8556.7,46260811.07
2020-03-02 00:00:00,8556.7,8990.8,8524.63,8938.4,46886621.87
2020-03-03 00:00:00,8938.4,8940.0,8686.2,8791.1,47007887.94
2020-03-04 00:00:00,8791.1,8877.7,8718.4,8788.6,36564634.64
2020-03-05 00:00:00,8788.6,9186.5,8788.6,9090.8,51781776.18
2020-03-06 00:00:00,9090.8,9199.7,9011.3,9180.6,28641963.56
2020-03-07 00:00:00,9180.6,9241.5,8867.4,8919.0,40549694.73
2020-03-08 00:00:00,8919.0,8919.0,8043.2,8074.0,215631674.63
2020-03-09 00:00:00,8074.0,8215.0,7700.0,7967.3,178075837.28
2020-03-10 00:00:00,7967.3,8180.0,7776.6,7913.8,81263734.2
2020-03-11 00:00:00,7913.8,8034.6,7634.8,7969.6,86029509.75
2020-03-12 00:00:00,7974.4,8001.7,4607.7,4873.1,707340178.13
2020-03-13 00:00:00,4873.1,5973.3,4000.0,5625.7,527138561.75
2020-03-14 00:00:00,5620.9,5682.4,5095.0,5218.2,100175263.8
2020-03-15 00:00:00,5218.2,5987.0,5133.0,5383.2,123554791.76
2020-03-16 00:00:00,5383.2,5388.9,4467.9,5058.5,203512458.42
2020-03-17 00:00:00,5058.5,5572.8,4956.3,5339.1,104487499.82
2020-03-18 00:00:00,5339.1,5487.96,5033.0,5416.2,111509848.66
2020-03-19 00:00:00,5416.2,6416.7,5264.6,6173.6,184847869.92
2020-03-20 00:00:00,6173.6,6929.8,5665.02,6206.5,197504256.59
2020-03-21 00:00:00,6206.5,6474.7,5882.4,6201.7,80062529.68
2020-03-22 00:00:00,6201.8,6410.9,5755.5,5820.1,98592862.43
2020-03-23 00:00:00,5820.1,6664.3,5677.0,6490.6,120959516.99
2020-03-24 00:00:00,6490.6,6840.0,6406.0,6762.09,110523932.79
2020-03-25 00:00:00,6762.09,6968.0,6430.2,6688.2,92081342.45
2020-03-26 00:00:00,6688.2,6790.8,6516.0,6751.9,44836987.88
2020-03-27 00:00:00,6751.9,6861.4,6256.0,6370.0,73089762.89
2020-03-28 00:00:00,6370.0,6371.9,6050.0,6250.0,80412627.77
2020-03-29 00:00:00,6249.5,6280.0,5892.6,5892.7,68025201.1
2020-03-30 00:00:00,5892.7,6636.0,5880.9,6407.6,78070196.91
2020-03-31 00:00:00,6407.6,6536.0,6349.7,6427.68,37114592.46
2020-04-01 00:00:00,6427.68,6726.5,6180.0,6675.0,71673932.24
2020-04-02 00:00:00,6675.0,7283.5,6580.0,6810.7,137953860.86
2020-04-03 00:00:00,6810.7,7049.1,6623.3,6741.0,68047652.2
2020-04-04 00:00:00,6741.0,7014.0,6660.0,6880.1,48605926.74
2020-04-05 00:00:00,6880.6,6917.9,6690.2,6780.2,38395173.09
2020-04-06 00:00:00,6780.2,7364.4,6775.1,7340.2,103954550.67
2020-04-07 00:00:00,7340.2,7454.3,7088.0,7203.0,87837137.93
2020-04-08 00:00:00,7203.0,7420.0,7151.64,7367.0,59805611.09
2020-04-09 00:00:00,7367.0,7370.7,7117.0,7293.7,56496718.9
2020-04-10 00:00:00,7293.7,7305.76,6756.3,6875.5,110132473.22
2020-04-11 00:00:00,6875.5,6957.8,6780.0,6884.5,27915783.52
2020-04-12 00:00:00,6884.5,7192.5,6797.6,6919.0,62395694.5
2020-04-13 00:00:00,6919.0,6919.0,6571.1,6848.7,85426607.8
2020-04-14 00:00:00,6848.7,6985.0,6762.6,6872.4,29588423.11
2020-04-15 00:00:00,6872.9,6940.6,6620.5,6633.72,40646200.9
2020-04-16 00:00:00,6633.72,7200.0,6500.4,7114.7,122691871.0
2020-04-17 00:00:00,7114.7,7160.5,7010.2,7045.8,33145178.31
2020-04-18 00:00:00,7045.8,7309.7,7031.1,7268.8,37450133.96
2020-04-19 00:00:00,7268.8,7285.4,7056.9,7133.3,33927238.77
2020-04-20 00:00:00,7133.3,7236.3,6766.0,6839.38,69794322.56
2020-04-21 00:00:00,6839.38,6958.8,6770.1,6850.0,44323672.58
2020-04-22 00:00:00,6849.94,7164.0,6826.18,7133.0,36331726.15
2020-04-23 00:00:00,7133.0,7773.9,7042.0,7498.9,121429566.68
2020-04-24 00:00:00,7498.9,7614.0,7420.1,7508.3,66238758.3
2020-04-25 00:00:00,7508.3,7700.0,7450.0,7538.5,39101191.41
2020-04-26 00:00:00,7538.5,7697.9,7473.5,7697.9,40483980.11
2020-04-27 00:00:00,7697.9,7777.7,7613.4,7777.6,53123665.63
2020-04-28 00:00:00,7777.6,7777.7,7655.8,7750.7,43363758.7
2020-04-29 00:00:00,7750.6,8918.0,7705.1,8778.7,254050592.99
2020-04-30 00:00:00,8778.7,9441.91,8416.0,8631.82,266597879.57
2020-05-01 00:00:00,8631.82,9070.0,8626.5,8822.8,69921000.11
2020-05-02 00:00:00,8822.8,9004.04,8756.2,8982.3,45058811.61
2020-05-03 00:00:00,8982.3,9198.0,8738.0,8899.8,87511170.06
2020-05-04 00:00:00,8899.8,8961.8,8517.0,8865.8,81637746.64
2020-05-05 00:00:00,8865.8,9124.8,8758.6,9020.1,68962397.69
2020-05-06 00:00:00,9020.1,9418.0,8913.57,9152.47,80364234.93
2020-05-07 00:00:00,9152.47,10045.0,9029.0,9979.6,191298664.36
2020-05-08 00:00:00,9979.6,10025.0,9705.0,9792.4,120650121.44
2020-05-09 00:00:00,9792.4,9900.0,9463.99,9537.8,79707739.71
2020-05-10 00:00:00,9537.8,9559.0,8101.0,8722.2,221932069.74
2020-05-11 00:00:00,8722.2,9142.0,8200.0,8555.1,178373334.01
2020-05-12 00:00:00,8555.1,8968.0,8526.4,8811.4,49620834.6
2020-05-13 00:00:00,8811.4,9408.0,8799.5,9312.0,90554326.97
2020-05-14 00:00:00,9312.0,9938.7,9266.2,9790.95,123569448.76
2020-05-15 00:00:00,9790.95,9848.9,9130.2,9311.2,106921540.56
2020-05-16 00:00:00,9311.2,9580.0,9222.0,9387.95,39072789.58
2020-05-17 00:00:00,9387.95,9883.5,9329.7,9668.2,93507424.24
2020-05-18 00:00:00,9668.2,9944.0,9450.0,9714.83,89136756.61
2020-05-19 00:00:00,9714.83,9878.0,9457.8,9769.4,54073786.56
2020-05-20 00:00:00,9769.4,9842.7,9301.0,9502.0,91547478.78
2020-05-21 00:00:00,9502.0,9564.1,8815.3,9057.2,104052619.34
2020-05-22 00:00:00,9057.2,9269.0,8935.4,9162.4,34915892.76
2020-05-23 00:00:00,9162.4,9304.0,9072.8,9174.6,22574114.38
2020-05-24 00:00:00,9174.6,9300.0,8688.0,8710.1,60482462.66
2020-05-25 00:00:00,8710.1,8963.7,8620.0,8902.0,49139105.56
2020-05-26 00:00:00,8902.0,9013.3,8704.9,8845.5,34878579.14
2020-05-27 00:00:00,8845.5,9225.0,8822.2,9210.3,49561036.81
2020-05-28 00:00:00,9210.2,9630.3,9118.2,9589.3,71468753.87
2020-05-29 00:00:00,9589.3,9618.8,9352.0,9426.1,36694838.46
2020-05-30 00:00:00,9426.1,9750.0,9323.3,9706.4,58713635.94
2020-05-31 00:00:00,9706.4,9707.2,9402.6,9451.1,35179128.73
2020-06-01 00:00:00,9451.1,10398.0,9421.76,10225.98,132763447.0
2020-06-02 00:00:00,10225.98,10252.0,9150.0,9526.97,185528140.52
2020-06-03 00:00:00,9526.97,9689.8,9400.0,9676.6,24699640.78
2020-06-04 00:00:00,9676.6,9882.1,9461.0,9790.7,41441408.15
2020-06-05 00:00:00,9790.7,9865.8,9620.4,9620.4,35218955.1
2020-06-06 00:00:00,9620.4,9742.3,9552.61,9668.4,18737403.56
2020-06-07 00:00:00,9668.4,9814.0,9393.8,9747.1,45075843.5
2020-06-08 00:00:00,9749.8,9800.0,9647.1,9784.4,22879399.04
2020-06-09 00:00:00,9784.4,9876.0,9577.9,9771.9,32845472.66
2020-06-10 00:00:00,9898.8,9898.8,9775.0,9775.0,439.0
2020-06-11 00:00:00,9901.9,9972.8,9084.0,9272.2,149552137.98
2020-06-12 00:00:00,9272.2,9544.0,9246.0,9468.3,47520420.83
2020-06-13 00:00:00,9468.3,9498.6,9363.6,9480.88,17397404.77
2020-06-14 00:00:00,9480.88,9486.0,9262.0,9344.75,25277566.38
2020-06-15 00:00:00,9344.75,9530.9,8914.9,9434.9,93394768.96
2020-06-16 00:00:00,9434.9,9590.0,9388.0,9534.4,32736778.76
2020-06-17 00:00:00,9534.4,9566.0,9260.0,9473.4,29627063.95
2020-06-18 00:00:00,9473.4,9496.9,9285.0,9400.0,15578713.99
2020-06-19 00:00:00,9400.0,9444.1,9237.0,9315.5,24444500.17
2020-06-20 00:00:00,9315.5,9406.6,9178.0,9371.3,17378283.42
2020-06-21 00:00:00,9371.3,9431.2,9292.0,9301.0,12526283.96
2020-06-22 00:00:00,9301.0,9795.0,9285.2,9697.73,56103694.51
2020-06-23 00:00:00,9697.73,9724.0,9589.7,9635.2,33065161.21
2020-06-24 00:00:00,9635.2,9684.1,9212.0,9312.1,51954470.83
2020-06-25 00:00:00,9305.2,9349.0,9011.0,9257.03,51127658.95
2020-06-26 00:00:00,9257.03,9299.0,9054.1,9173.1,33470201.37
2020-06-27 00:00:00,9173.1,9202.5,8855.0,9015.3,30427092.61
2020-06-28 00:00:00,9015.3,9193.19,8946.6,9125.37,19172577.32
2020-06-29 00:00:00,9125.37,9244.0,9018.13,9194.43,33179950.78
2020-06-30 00:00:00,9194.43,9206.46,9077.0,9150.7,16783447.7
2020-07-01 00:00:00,9150.65,9298.0,9109.4,9239.9,20214604.05
2020-07-02 00:00:00,9239.9,9266.2,8950.0,9100.0,34521966.09
2020-07-03 00:00:00,9100.0,9135.5,9056.7,9073.2,9893008.6
2020-07-04 00:00:00,9073.2,9204.0,9060.0,9147.7,10320468.16
2020-07-05 00:00:00,9147.7,9152.31,8918.0,9084.28,18844754.76
2020-07-06 00:00:00,9084.28,9389.59,9075.8,9361.1,39456828.95
2020-07-07 00:00:00,9361.1,9389.41,9211.1,9267.51,15142527.26
2020-07-08 00:00:00,9267.51,9497.2,9256.0,9447.0,35873218.37
2020-07-09 00:00:00,9447.0,9451.7,9175.0,9248.86,34480003.28
2020-07-10 00:00:00,9248.86,9324.6,9133.1,9304.6,12921645.96
2020-07-11 00:00:00,9304.6,9311.8,9200.1,9246.3,7518799.48
2020-07-12 00:00:00,9246.3,9368.4,9175.0,9315.8,17297484.28
2020-07-13 00:00:00,9315.8,9350.0,9220.0,9252.0,17922370.17
2020-07-14 00:00:00,9252.0,9287.3,9107.0,9263.4,20217051.61
2020-07-15 00:00:00,9263.4,9280.0,9179.0,9210.1,8283572.62
2020-07-16 00:00:00,9210.1,9227.2,9026.6,9149.6,26170858.03
2020-07-17 00:00:00,9149.6,9194.0,9102.1,9167.33,9460234.38
2020-07-18 00:00:00,9167.33,9217.1,9120.1,9189.1,10757469.51
2020-07-19 00:00:00,9189.1,9299,9111.8,9231.2,13123054.204717700
2020-07-20 00:00:00,9231.2,9238.2,9154.5,9179.2,12837902.49395890
2020-07-21 00:00:00,9179.2,9457.2,9174.4179114,9402,49530075.47591930
2020-07-22 00:00:00,9402.1,9642.400000000000,9305,9557.7,38637592.708206200
2020-07-23 00:00:00,9557.7,9685.432286840000,9475,9615,44517406.112381000
2020-07-24 00:00:00,9615.0,9644.000000000000,9469.65964973,9559.1,21420622.935310400
2020-07-25 00:00:00,9559.00520597,9754.5,9555.5,9714.89020414,24488706.069174200
2020-07-26 00:00:00,9714.9,10190,9674.8,9948.400000000000,86547565.84164800
2020-07-27 00:00:00,9948.4,11379.000000000000,9944.9,11043.96287976,214564262.20293700
2020-07-28 00:00:00,11044.32215834,11263,10590,10932,104614258.0681990
2020-07-29 00:00:00,10931.55841463,11355,10851,11117,95741565.34282350
2020-07-30 00:00:00,11117.39512086,11189.20867739,10855.80732708,11123.000000000000,46148102.61864650
2020-07-31 00:00:00,11122.78517118,11440,10990,11350,64073303.256368
2020-08-01 00:00:00,11350.0,11843,11227,11804.7440126,118720389.70688000
2020-08-02 00:00:00,11805.0,12097,10548,11053.77256233,139419629.36531300
2020-08-03 00:00:00,11058.83877657,11456,10943,11226.521728390000,44707701.5624142
2020-08-04 00:00:00,11226.99217374,11396,11003,11184,35826466.29978350
2020-08-05 00:00:00,11187.0,11800,11085,11735.813916340000,64145452.1300247
2020-08-06 00:00:00,11735.93261188,11890,11557,11759,45092109.21321110
2020-08-07 00:00:00,11759.0,11900,11326,11580.04081238,57689582.3171605
2020-08-08 00:00:00,11580.04081238,11796,11523,11764,21598463.34845130
2020-08-09 00:00:00,11763.0,11788,11530,11675.32006989,18123670.4857659
2020-08-10 00:00:00,11675.32006989,12065,11450,11892,75286829.7748565
2020-08-11 00:00:00,11893.0,11943,11123,11379,79039183.20456870
2020-08-12 00:00:00,11379.0,11613.978698440000,11100,11583,47833227.300702
2020-08-13 00:00:00,11583.0,11822,11279,11792.460075980000,65189160.444213400
2020-08-14 00:00:00,11793.16904862,11869.000000000000,11650.03890904,11761.000000000000,54201311.15372280
2020-08-15 00:00:00,11762.0,11997,11705,11873.41825354,47266057.92223670
2020-08-16 00:00:00,11873.41825354,11944,11705,11925,31814040.02769770
2020-08-17 00:00:00,11924.02573127,12490,11675,12300,118182188.78530200
2020-08-18 00:00:00,12303.0,12405,11814,11961.83967646,84819280.29630530
2020-08-19 00:00:00,11961.83967646,12025.259740000000,11608.59604692,11778,72985515.82253100
2020-08-20 00:00:00,11778.02622206,11902,11680,11884.677714000000,31935795.2013328
2020-08-21 00:00:00,11884.677714,11899,11500,11531,70179853.51999
2020-08-22 00:00:00,11527.0,11703,11390,11685,39391935.87246
2020-08-23 00:00:00,11683.0,11736,11538,11663,22265886.94112630
2020-08-24 00:00:00,11663.0,11847,11605,11768,23062393.13009340
2020-08-25 00:00:00,11765.0,11778,11137,11341.400666900000,68591869.02516680
2020-08-26 00:00:00,11341.0,11546.000000000000,11219.88888,11471.100960000000,27880037.744673500
2020-08-27 00:00:00,11472.0,11609,11145,11343,53619393.7438722
2020-08-28 00:00:00,11343.0,11567,11303,11545,22883502.50193950
2020-08-29 00:00:00,11544.621284,11606.342398870000,11450,11492,17415310.5466715
2020-08-30 00:00:00,11492.0,11730,11480,11730,24141944.717212
2020-08-31 00:00:00,11729.89978204,11790,11600,11671,26018613.722908
2020-09-01 00:00:00,11671.23323392,12067,11552,11942,57995446.16568830
2020-09-02 00:00:00,11942.89423579,11975,11183,11408,69242897.80653430
2020-09-03 00:00:00,11400.841462,11460.98620262,9990.9,10170.000000000000,158695582.48812700
2020-09-04 00:00:00,10166.13513,10644.0,9965.7,10484.74763252,142482533.466982
2020-09-05 00:00:00,10484.07051575,10593.0,9925.5,10196.86489828,86745892.7098168
2020-09-06 00:00:00,10197.0,10365.07422046,10031.0,10276.0,28317192.9998174
2020-09-07 00:00:00,10275.9676,10430.0,9913.8,10397.0,65521389.662947800
2020-09-08 00:00:00,10400.0,10464.0,9882.4,10148.0,68612032.0387176
2020-09-09 00:00:00,10150.0,10359.0,10010.0,10240.0,24638949.354598400
2020-09-10 00:00:00,10241.0,10516.0,10233.0879672,10355.0,36801412.97181430
2020-09-11 00:00:00,10354.0,10438.0,10197.0,10405.0,25684525.680089800
2020-09-12 00:00:00,10404.94752176,10492.0,10287.0,10458.0,14998371.53415800
2020-09-13 00:00:00,10459.0,10623.0,10231.0,10331.0,41788746.50778470
2020-09-14 00:00:00,10331.0,10773.0,10259.0,10690.0,39419487.4098398
2020-09-15 00:00:00,10689.93207785,10944.0,10645.0,10797.0,53879291.718202400
2020-09-16 00:00:00,10797.99361605,11104.97665904,10682.0,10971.25116264,52648119.01760180
2020-09-17 00:00:00,10971.45422468,11069.17646505,10765.936272,10959.0,27570904.369548900
2020-09-18 00:00:00,10959.0,11064.0,10825.0,10957.17348137,24716998.748856400
2020-09-19 00:00:00,10957.05507792,11185.0,10920.0,11098.0,27387980.443777700
2020-09-20 00:00:00,11098.0,11098.0,10779.0,10934.54183144,19889179.69292870
2020-09-21 00:00:00,10935.0,11000.0,10321.0,10435.0,62743280.54194190
2020-09-22 00:00:00,10435.0,10597.0,10377.0,10549.0,25452229.97329090
2020-09-23 00:00:00,10549.621726,10555.0,10152.0,10263.0,31745131.82620330
2020-09-24 00:00:00,10266.0,10842.0,10222.0,10754.0,34366795.217240900
2020-09-25 00:00:00,10752.0,10774.0,10580.0,10708.0,25181391.18078260
2020-09-26 00:00:00,10708.0,10841.0,10675.0,10750.0,10106241.0671825
2020-09-27 00:00:00,10750.90937072,10824.0,10594.0,10803.0,18957331.396309000
2020-09-28 00:00:00,10804.0,10986.0,10656.20638633,10714.0,40645321.79177670
2020-09-29 00:00:00,10713.0,10889.0,10654.0,10856.0,19464988.77530620
2020-09-30 00:00:00,10857.0,10866.00570211,10684.0,10795.0,16240138.0301492
2020-10-01 00:00:00,10797.0,10975.126364,10460.0,10634.0,60424017.6121153
2020-10-02 00:00:00,10633.0,10686.0,10391.0,10586.0,39564282.47232110
2020-10-03 00:00:00,10586.0,10616.0,10513.0,10558.58697865,8805551.130618410
2020-10-04 00:00:00,10558.00112605,10713.0,10541.0,10687.0,17407571.33662270
2020-10-05 00:00:00,10687.0,10816.0,10637.0,10807.0,19274063.24212900
2020-10-06 00:00:00,10807.0,10819.959108,10548.0,10613.705256,34167305.372290900
2020-10-07 00:00:00,10613.0,10691.0,10563.0,10687.0,17846424.718816000
2020-10-08 00:00:00,10687.32291769,10971.0,10541.0,10943.0,39846116.24273460
2020-10-09 00:00:00,10942.901982,11133.99746703,10853.1165156,11071.0,28453223.0870614
2020-10-10 00:00:00,11071.0,11505.0,11071.0,11308.0,47139556.52497920
2020-10-11 00:00:00,11308.0,11451.0,11279.45650736,11385.0,16829704.208988
2020-10-12 00:00:00,11384.0,11739.97398,11111.0,11560.0,73615763.3754076
2020-10-13 00:00:00,11560.0,11574.90850243,11333.0,11442.0,44683544.24590130
2020-10-14 00:00:00,11442.72553612,11564.0,11309.0,11440.0,30808561.5053216
2020-10-15 00:00:00,11440.0,11632.0,11277.0,11509.0,49074221.94386360
2020-10-16 00:00:00,11511.9497064,11547.0,11212.0,11325.0,39206265.9082125
2020-10-17 00:00:00,11324.8837331,11418.0,11275.0,11375.0,11803763.599582500
2020-10-18 00:00:00,11376.0,11520.0,11364.93369218,11518.0,15225419.038188600
2020-10-19 00:00:00,11517.0,11828.0,11417.0,11757.0,44300144.607426200
2020-10-20 00:00:00,11757.0,12044.0,11696.0,11925.0,64669194.18391730
2020-10-21 00:00:00,11924.12565284,13220.0,11910.0,12810.0,197286377.7414100
2020-10-22 00:00:00,12811.0,13188.0,12710.0,12988.0,79099511.26211580
2020-10-23 00:00:00,12982.0,13032.0,12738.0,12935.0,37564947.8160697
2020-10-24 00:00:00,12930.56664423,13178.0,12882.0,13127.03663502,25885078.714291900
2020-10-25 00:00:00,13127.0,13358.0,12850.0,13037.0,47343524.78687020
2020-10-26 00:00:00,13036.0,13244.0,12781.0,13059.0,47992597.58140960
2020-10-27 00:00:00,13059.0,13769.0,13054.0,13626.0,122307938.07435800
2020-10-28 00:00:00,13626.0,13839.0,12915.0,13267.0,94380748.44515430
2020-10-29 00:00:00,13266.0,13629.0,12972.0,13451.0,54804397.67746240
2020-10-30 00:00:00,13450.0,13673.0,13120.0,13568.0,63217326.50092540
2020-10-31 00:00:00,13567.94596627,14055.0,13425.0,13788.0,123450273.12834500
2020-11-01 00:00:00,13778.27705844,13892.0,13611.0,13756.0,42748171.59154930
2020-11-02 00:00:00,13755.0,13836.0,13207.0,13562.0,89320505.63269580
2020-11-03 00:00:00,13560.0,14066.0,13301.0,14029.5896356,81538037.1312118
2020-11-04 00:00:00,14029.5896356,14245.0,13530.0,14149.0,142881352.75964300
2020-11-05 00:00:00,14152.0,15723.55678179,14104.36241552,15568.0,247498615.19381500
2020-11-06 00:00:00,15568.0,15888.0,15179.0,15572.88385495,188399044.27539200
2020-11-07 00:00:00,15573.0,15740.0,14411.0,14845.0,213335034.5950440
2020-11-08 00:00:00,14849.0,15650.0,14755.0,15500.0,100366880.21909
2020-11-09 00:00:00,15501.0,15844.0,14841.0,15334.52194598,137199675.4309750
2020-11-10 00:00:00,15336.88653372,15474.0,15077.0,15311.53062117,57294292.53624720
2020-11-11 00:00:00,15311.53062117,15981.0,15292.0,15709.3042176,109037920.17983000
2020-11-12 00:00:00,15709.0,16325.0,15453.0,16296.18794388,200431634.22682200
2020-11-13 00:00:00,16296.0,16481.0,15974.0,16308.5948109,125571771.36400100
2020-11-14 00:00:00,16308.5948109,16315.0,15715.0,16057.0,81733820.34161260
2020-11-15 00:00:00,16058.519784,16151.0,15794.0,15965.0,40943195.3949725
2020-11-16 00:00:00,15965.0,16872.0,15874.0,16719.0,109045369.32032600
2020-11-17 00:00:00,16719.0,17815.0,16535.0,17674.87558,215838721.36037200
2020-11-18 00:00:00,17674.53552004,18450.0,17119.0,17774.0,311357987.8357710
2020-11-19 00:00:00,17774.0,18166.0,17344.0,17818.0,99343073.29798280
2020-11-20 00:00:00,17813.0,18810.0,17753.0,18660.0,148798751.0143370
2020-11-21 00:00:00,18659.98826325,18945.0,18323.0,18659.98826325,123525000.68768000
2020-11-22 00:00:00,18659.98826325,18732.0,17645.0,18392.0,167346248.5299210
2020-11-23 00:00:00,18390.0,18724.0,18003.0,18372.0,161035574.3407490
2020-11-24 00:00:00,18364.0,19400.0,18130.0,19131.0,285766530.2593480
2020-11-25 00:00:00,19133.654712,19497.0,18500.0,18727.0,252395105.69279700
2020-11-26 00:00:00,18726.475677,18908.0,16317.0,17211.69580098,591110932.6409720
2020-11-27 00:00:00,17213.0,17531.0,16501.0,17171.0,192622768.64248500
2020-11-28 00:00:00,17171.0,17910.0,16925.0,17746.0,102043516.66708400
2020-11-29 00:00:00,17746.0,18344.0,17556.0,18195.987488,72534047.80176780
2020-11-30 00:00:00,18196.0,19844.0,18196.0,19696.272384,294400479.83409000
2020-12-01 00:00:00,19697.0,19956.0,18279.0,18814.0,412916625.1547580
2020-12-02 00:00:00,18818.027865,19344.0,18361.0,19241.0,146892512.2549040
2020-12-03 00:00:00,19229.12373562,19628.0,18900.0,19449.0,102127035.97784700
2020-12-04 00:00:00,19449.0,19550.0,18600.0,18652.0,161415377.6622700
2020-12-05 00:00:00,18652.0,19182.0,18498.0,19159.0,70206353.35981950
2020-12-06 00:00:00,19159.0,19463.0,18905.0,19410.0,84116714.5192866
2020-12-07 00:00:00,19410.03147,19460.0,18925.0,19196.06786536,43875157.16480170
2020-12-08 00:00:00,19196.0,19322.0,18271.0,18329.0,176382695.99069700
2020-12-09 00:00:00,18329.0,18630.0,17742.0,18558.0,181270204.60587200
2020-12-10 00:00:00,18558.0,18568.0,17935.0,18260.0,66750110.716913800
2020-12-11 00:00:00,18263.0,18299.0,17629.0,18049.91181686,118648548.49892900
2020-12-12 00:00:00,18050.0,18944.0,18049.91181686,18818.0,69310136.9215211
2020-12-13 00:00:00,18818.0,19416.0,18720.6972317,19180.0,92663327.5642158
2020-12-14 00:00:00,19180.0,19350.0,19008.31354812,19282.0,48873395.06737860
2020-12-15 00:00:00,19282.0,19607.0,19070.0,19459.0,134798051.47424700
2020-12-16 00:00:00,19459.0,21444.0,19317.800536,21318.0,449295551.9345560
2020-12-17 00:00:00,21318.0,23630.0,21197.0,22786.0,521178867.03251200
2020-12-18 00:00:00,22791.0,23287.0,22362.0,23124.0,168414910.5304810
2020-12-19 00:00:00,23124.0,24123.0,22768.0,23808.0,230289114.77356800
2020-12-20 00:00:00,23801.0,24244.0,23101.0,23427.0,224877400.08386500
2020-12-21 00:00:00,23427.0,24077.0,21884.0,22712.281776,322141427.4773420
2020-12-22 00:00:00,22712.281776,23812.0,22348.0,23805.89700325,176546083.61831300
2020-12-23 00:00:00,23804.0,24144.0,22655.0,23208.0,280296531.2762740
2020-12-24 00:00:00,23207.87492762,23790.0,22701.0,23743.467132,112897680.66762000
2020-12-25 00:00:00,23743.467132,24802.0,22855.0,24720.0882,340662303.2350280
2020-12-26 00:00:00,24720.0882,26723.0,24489.0,26413.0,347320477.8239450
2020-12-27 00:00:00,26423.0,28244.0,25813.0,26241.0,471208337.4685310
2020-12-28 00:00:00,26242.0,27442.0,26068.0657198,27053.0,205648076.17674100
2020-12-29 00:00:00,27044.0,27329.0,25859.0,27316.0,243543875.4764140
2020-12-30 00:00:00,27312.0,28977.0,27312.0,28880.0,303504328.44709300
2020-12-31 00:00:00,28886.8252941,29286.0,27557.0,28938.521869,353780769.0740960
2021-01-01 00:00:00,28939.0,29620.0,28716.0,29349.0,244540954.07985900
2021-01-02 00:00:00,29349.83250154,33292.0,29000.0,32183.0,708441943.2380130
2021-01-03 00:00:00,32185.0,34873.0,31975.0,32968.0,623388697.2494400
2021-01-04 00:00:00,32990.0,33593.61627648,28540.0,31990.0,789742680.9396690
2021-01-05 00:00:00,31991.0,34493.0,29861.0,33985.0,492205587.7171230
2021-01-06 00:00:00,33978.0,36932.0,33335.0,36760.0,684448833.765818
2021-01-07 00:00:00,36791.0,40383.3509214,36123.590728,39401.0,871266649.9219690
2021-01-08 00:00:00,39387.0,41969.0,36555.0,40509.0,882517580.3016270
2021-01-09 00:00:00,40500.0,41399.0,38700.0,40168.0,328317500.94952300
2021-01-10 00:00:00,40170.0,41399.0,35260.0,38200.0,726248347.9137160
2021-01-11 00:00:00,38200.0,38277.0,30635.0,35408.0,1701086864.4237400
2021-01-12 00:00:00,35410.0,36656.0,32427.0,34123.0,756744137.070647
2021-01-13 00:00:00,34104.0,37776.0,32436.0,37358.07975004,556173103.8027590
2021-01-14 00:00:00,37368.0,40001.0,36666.0,39136.0,507510514.93045900
2021-01-15 00:00:00,39147.32923992,39701.0,34500.0,36741.0,571371933.8804780
2021-01-16 00:00:00,36741.0,37997.0,35418.0,36041.0,390780131.10720200
2021-01-17 00:00:00,36037.0,36928.0,33868.0,35900.0,353516333.18241200
2021-01-18 00:00:00,35901.0,37555.0,34842.0,36699.0,308820397.79944
2021-01-19 00:00:00,36685.0,37936.5743351,35863.0,35890.0,346287602.2673890
2021-01-20 00:00:00,35888.0,36422.0,33303.0,35516.0,502257363.4817260
2021-01-21 00:00:00,35510.0,35616.0,30196.0,30872.0,690220114.7070890
2021-01-22 00:00:00,30890.60960271,33850.0,28989.0,33058.0,519675942.0852660
2021-01-23 00:00:00,33027.0,33554.0,31439.4275088,32099.0,226783513.10508500
2021-01-24 00:00:00,32099.0,33174.0,31011.0,32320.0,190290821.4669570
2021-01-25 00:00:00,32327.0,34918.0,31966.0,32285.0,298005038.7493030
2021-01-26 00:00:00,32252.0,32971.0,30867.0338669,32519.0,277725627.4767170
2021-01-27 00:00:00,32518.32570147,32596.0,29283.0,30421.23654981,449828663.76808100
2021-01-28 00:00:00,30421.23654981,33800.0,29918.0,33373.0,306034791.1490370
2021-01-29 00:00:00,33374.0,38710.69632264,31987.0,34253.0,981076218.2498620
2021-01-30 00:00:00,34284.0,34929.0,32827.0,34341.0,250364041.48397600
2021-01-31 00:00:00,34333.0,34407.005674,32228.0,33138.0,192993444.57112100
2021-02-01 00:00:00,33117.79931925,34707.0,32333.0,33566.0,177917812.41886100
2021-02-02 00:00:00,33569.0,36053.96796779,33500.0,35577.0,249258041.92941100
2021-02-03 00:00:00,35576.0,37677.35566244,35471.0,37667.0,331728117.9206060
2021-02-04 00:00:00,37667.0,38750.0,36222.0,36951.548313,237216189.5913400
2021-02-05 00:00:00,36945.0,38366.0,36571.55235544,38260.0,171398034.8549390
2021-02-06 00:00:00,38260.8799317,40985.0,38205.0,39234.0,399442032.30760200
2021-02-07 00:00:00,39237.0,39725.7155421,37350.0,38837.0,296232179.7673190
2021-02-08 00:00:00,38841.0,46666.0,37947.0,46444.0,1151284711.9134700
2021-02-09 00:00:00,46444.0,48277.0,45060.0,46488.0,739299778.1481440
2021-02-10 00:00:00,46485.10574522,47383.0,43777.0,44841.0,449268688.10100300
2021-02-11 00:00:00,44840.0,48598.0,43917.41935602,48008.0,494500413.4825470
2021-02-12 00:00:00,48001.0,48945.0,45851.95356552,47397.0,511380394.46619600
2021-02-13 00:00:00,47365.0,48209.0,46255.0,47177.0,246511648.87055100
2021-02-14 00:00:00,47177.86105756,49659.0,47030.0,48584.0,356489505.24197100
2021-02-15 00:00:00,48597.0,48959.0,45730.50181348,47906.0,473471913.98705700
2021-02-16 00:00:00,47934.0,50490.0,47046.0,49203.0,641648036.8423330
2021-02-17 00:00:00,49182.0,52577.0,49000.0,52116.0,480042151.7227500
2021-02-18 00:00:00,52110.0,52539.0,50863.0,51566.0,302678712.18031200
2021-02-19 00:00:00,51566.0,56342.0,50755.0,55866.0,659547493.5232990
2021-02-20 00:00:00,55866.0,57485.0,54000.0,55777.0,649132289.5962900
2021-02-21 00:00:00,55787.0,58321.24403166,55386.0,57376.0,383696431.6270700
2021-02-22 00:00:00,57374.0,57449.0,48255.0,54075.0,1476773400.6729800
2021-02-23 00:00:00,54070.36217422,54138.0,45000.0,48874.0,1593251844.9496000
2021-02-24 00:00:00,48882.0,51354.46137096,46902.0,49716.0,596727524.3697620
2021-02-25 00:00:00,49715.0,52189.0,46750.0,47162.0,450682115.69594200
2021-02-26 00:00:00,47155.0,48441.0,44027.0,46318.0,1034066636.7173500
2021-02-27 00:00:00,46270.0,48407.0,45100.0,46238.0,351592193.201425
2021-02-28 00:00:00,46199.0,46703.0,43171.0,45300.0,613702602.284166
2021-03-01 00:00:00,45284.744486,49743.0,45100.0,49580.0,467086041.4998610
2021-03-02 00:00:00,49580.0,50148.0,47158.0,48536.0,406484792.4364870
2021-03-03 00:00:00,48511.0,52567.0,48183.35073552,50408.0,433676835.7031410
2021-03-04 00:00:00,50409.0,51777.0,47603.0,48388.0,462537172.1395960
2021-03-05 00:00:00,48389.0,49489.0,46417.0,48830.0,459836283.285248
2021-03-06 00:00:00,48826.0,49238.0,47159.0,48860.0,205511883.4374660
2021-03-07 00:00:00,48895.0,51442.0,48895.0,51000.0,274194347.71461
2021-03-08 00:00:00,51011.0,52444.0,49369.0,52399.0,322489866.8386160
2021-03-09 00:00:00,52399.0,54955.30786704,51993.0,54955.30786704,451234618.0042100
2021-03-10 00:00:00,54955.30786704,57444.0,53155.0,55985.0,597851202.415356
2021-03-11 00:00:00,55954.0,58266.0,54401.0,57877.0,501200423.848651
2021-03-12 00:00:00,57876.0,58159.0,55183.0,57297.0,547894501.6767120
2021-03-13 00:00:00,57293.0,61693.0,56130.0,61202.887014,838494313.2421690
2021-03-14 00:00:00,61203.0,61699.0,59000.0,59000.0,394219504.24458000
2021-03-15 00:00:00,59001.0,60575.0,54566.0,55688.0,823329603.7857940
2021-03-16 00:00:00,55675.0,56925.0,53346.0,56924.0,597507781.2172960
2021-03-17 00:00:00,56923.0,59128.0,54001.0,58849.0,663187135.2813350
2021-03-18 00:00:00,58867.0,60190.0,57005.0,57640.0,417238008.46640400
2021-03-19 00:00:00,57642.0,59480.0,56277.0,58049.62797928,376454851.41656500
2021-03-20 00:00:00,58049.0,60000.0,57800.0,58079.0,393526233.6601860
2021-03-21 00:00:00,58064.0,58584.0,55357.0,57366.0,475697536.8099990
2021-03-22 00:00:00,57341.0,58525.0,53700.0,54070.0,471912900.97995100
2021-03-23 00:00:00,54070.0,55822.3340788,52812.0,54336.79982848,356990086.7881570
2021-03-24 00:00:00,54347.0,57212.0,51522.0,52328.0,737084979.0537260
2021-03-25 00:00:00,52329.0,53116.0,50350.0,51358.0,595248809.5863030
2021-03-26 00:00:00,51357.31075738,55000.0,51300.0,54993.0,424186238.8001760
2021-03-27 00:00:00,54982.0,56655.0,54010.0,55886.0,289311504.20037800
2021-03-28 00:00:00,55881.0,56609.0,54800.0,55780.0,234980641.49147
2021-03-29 00:00:00,55783.0,58492.0,54831.0,57675.0,583561976.9676860
2021-03-30 00:00:00,57675.0,59523.0,57135.0,58840.0,463332259.7858940
2021-03-31 00:00:00,58837.0,59899.0,56826.0,58796.0,477367807.51153500
2021-04-01 00:00:00,58792.502598,59483.0,57955.0,58724.0,255447591.70188500
2021-04-02 00:00:00,58731.0,60190.0,58327.9868938,58959.0,362777545.3846500
2021-04-03 00:00:00,58958.19519,59841.0,56872.0,57020.0,378278490.579643
2021-04-04 00:00:00,57029.0,58480.0,56500.0,58240.23918672,289568081.7319300
2021-04-05 00:00:00,58241.0,59250.0,56850.0,59145.0,330930469.17838600
2021-04-06 00:00:00,59145.0,59499.0,57401.0,57991.0,325718615.23751100
2021-04-07 00:00:00,57994.0,58639.0,55555.0,55962.0,495191795.433516
2021-04-08 00:00:00,55962.0,58155.0,55714.0,58110.0,260465732.21227700
2021-04-09 00:00:00,58110.0,58880.0,57713.0,58134.0,217973066.56221400
2021-04-10 00:00:00,58134.090643,61243.0,57900.0,59812.0,585831174.7814620
2021-04-11 00:00:00,59817.0737853,60722.0,59308.0,60032.0,278943610.51114000
2021-04-12 00:00:00,60033.0,61338.0,59492.0,59874.0,329182773.1386020
2021-04-13 00:00:00,59887.0,63555.0,59859.0,63537.0,715801692.4659840
2021-04-14 00:00:00,63519.0,64829.0,61306.0,62914.0,687494760.615005
2021-04-15 00:00:00,62909.0,63845.0,62000.0,63196.0,417968786.4600420
2021-04-16 00:00:00,63208.0,63520.0,60005.0,61322.0,707579815.2321240
2021-04-17 00:00:00,61321.0,62450.0,59662.0,59927.0,420714515.6074980
2021-04-18 00:00:00,59945.0,60279.0,50500.0,56172.0,1478738657.644080
2021-04-19 00:00:00,56171.0,57500.0,54256.0,55630.0,476680134.28238500
2021-04-20 00:00:00,55619.0,57099.0,53337.0,56471.151714,473916857.48592500
2021-04-21 00:00:00,56471.151714,56790.0,53609.0,53780.0,382244974.63378500
2021-04-22 00:00:00,53779.81497994,55500.0,50575.0,51735.13722852,656368496.2390280
2021-04-23 00:00:00,51741.0,52131.0,47560.0,51138.0,882146443.3551140
2021-04-24 00:00:00,51138.0,51201.0,48852.0,50161.0,299974988.92204800
2021-04-25 00:00:00,50149.0,50671.0,47112.0,49129.0,471595374.4327400
2021-04-26 00:00:00,49129.093002,54387.0,48831.0,54102.0,595712916.7656950
2021-04-27 00:00:00,54094.0,55437.0,53304.0,55044.0,398338567.11354400
2021-04-28 00:00:00,55039.0,56432.0,53917.0,54859.0,316165573.3161010
2021-04-29 00:00:00,54860.0,55222.0,52377.0,53566.0,379148685.36032900
2021-04-30 00:00:00,53566.0,57794.0,53068.0,57630.0,453141192.4157060
2021-05-01 00:00:00,57632.0,58326.0,57000.0,57774.0,249433660.50565300
2021-05-02 00:00:00,57774.0,57900.0,56050.0,56605.0,237549605.0048960
2021-05-03 00:00:00,56601.0,58945.0,56511.0,57147.0,435833391.6879290
2021-05-04 00:00:00,57141.0,57166.0,53067.0,53251.0,535957374.97452000
2021-05-05 00:00:00,53251.0,57898.0,52960.0,57487.0,440632223.6907540
2021-05-06 00:00:00,57486.600444,58343.0,55282.0,56450.0,589263535.21311
2021-05-07 00:00:00,56451.0,58635.0,55300.0,57349.0,397683498.91317800
2021-05-08 00:00:00,57342.0,59450.0,56939.0,58897.0,448143802.7599010
2021-05-09 00:00:00,58892.0,59236.51695169,56255.0,58276.0,494158905.5056740
2021-05-10 00:00:00,58286.86932662,59589.77113765,53844.0,55829.62510011,753116633.3447450
2021-05-11 00:00:00,55831.0,56870.0,54138.73738416,56721.504604,436123689.35802900
2021-05-12 00:00:00,56717.0,58000.0,48611.0,49614.0,742922181.8283220
2021-05-13 00:00:00,49580.54694147,51333.0,46601.04807999,49750.64971553,1052949509.272390
2021-05-14 00:00:00,49749.0,51512.0,48877.0,49924.0,301933643.3691420
2021-05-15 00:00:00,49923.30794743,50737.0,46644.0,46844.0,444485398.36156100
2021-05-16 00:00:00,46844.0,49870.0,44021.0,46597.0,888545755.1666020
2021-05-17 00:00:00,46587.61320955,46796.0,42128.0,43534.0,1642284137.5032600
2021-05-18 00:00:00,43540.0,45800.0,42316.0,42900.0,459984729.098037
2021-05-19 00:00:00,42898.48904022,43600.0,29563.0,36733.0,2491338721.602180
2021-05-20 00:00:00,36733.7221572,42300.0,34985.0,40561.45427722,1038769545.474670
2021-05-21 00:00:00,40590.0,42298.12038263,33552.0,37391.38484175,871746738.5953800
2021-05-22 00:00:00,37382.8588411,38956.0,35372.0,37557.0,509305365.50920100
2021-05-23 00:00:00,37575.0,38384.0,31230.0,34747.0,903202496.8617570
2021-05-24 00:00:00,34747.0,39966.0,34500.0,38845.0,587729115.1685700
2021-05-25 00:00:00,38851.0,39829.42639126,36455.0,38396.84796617,298232109.22033400
2021-05-26 00:00:00,38374.0,40884.0,37851.57741397,39301.0,338383535.2970390
2021-05-27 00:00:00,39303.0,40500.0,37221.0,38537.0,214013388.79483900
2021-05-28 00:00:00,38537.03617907,38889.0,34721.0,35661.0,364435569.89133000
2021-05-29 00:00:00,35660.87052767,37381.0,33617.0,34574.0,268442774.8740130
2021-05-30 00:00:00,34587.39808387,36419.0,33367.0,35614.0,214511362.6611360
2021-05-31 00:00:00,35609.0,37533.0,34160.0,37280.0,222772753.5550290
2021-06-01 00:00:00,37279.80893714,37888.0,35659.0,36673.0,193825965.89449600
2021-06-02 00:00:00,36673.0,38222.0,35933.0,37577.0,149231914.6582690
2021-06-03 00:00:00,37582.37086374,39482.0,37179.0,39226.0,225738828.24572700
2021-06-04 00:00:00,39225.5146501,39275.0,35586.0,36844.0,218507185.17921800
2021-06-05 00:00:00,36844.0,37924.0,34822.56648447,35535.0,234088827.94747900
2021-06-06 00:00:00,35542.0,36475.0,35218.0,35780.0,232981836.6362290
2021-06-07 00:00:00,35781.0,36784.0,33338.0,33572.0,334662054.26485500
2021-06-08 00:00:00,33572.0,34052.0,31075.0,33402.0,431712912.6466660
2021-06-09 00:00:00,33416.0,37499.0,32469.0,37368.0,1007950330.3746900
2021-06-10 00:00:00,37369.0,38337.0,35816.0,36663.0,350758563.1255180
2021-06-11 00:00:00,36680.0,37650.0,35929.0,37338.0,239638059.63747100
2021-06-12 00:00:00,37338.0,37461.34593121,34630.0,35564.0,262336285.7514850
2021-06-13 00:00:00,35563.58742345,39374.0,34800.0,38998.89297611,350548518.04582600
2021-06-14 00:00:00,38998.89297611,40980.0,38732.0,40509.0,394195905.71072800
2021-06-15 00:00:00,40509.0,41273.0,39445.88757188,40137.0,312217749.879272
2021-06-16 00:00:00,40143.0,40460.0,38121.0,38346.0,260495205.91800600
2021-06-17 00:00:00,38345.0,39519.0,37387.0,38073.0,134718245.82947500
2021-06-18 00:00:00,38074.0,38184.09866908,35137.0,35845.0,409389286.97600100
2021-06-19 00:00:00,35846.0,36447.0,34819.0,35570.0,411407162.8140130
2021-06-20 00:00:00,35569.32875053,36226.37661535,33411.0,35631.0,603261267.6099110
2021-06-21 00:00:00,35653.0,35832.0,31368.0,31726.38731597,744057146.6600640
2021-06-22 00:00:00,31723.19669106,33368.0,29247.0,32572.0,875231079.4597590
2021-06-23 00:00:00,32572.01808243,34778.0,31790.0,33691.0,307938059.43567000
2021-06-24 00:00:00,33697.29590169,35290.0,32343.0,34665.0,168325385.84314200
2021-06-25 00:00:00,34657.0,35495.0,31264.0,31584.73244514,1189853464.651480
2021-06-26 00:00:00,31584.0,32661.0,30206.0,32355.66423628,664446210.1975920
2021-06-27 00:00:00,32348.0,34794.0,32066.0,34744.0,997592183.1215520
2021-06-28 00:00:00,34743.0,35319.0,33897.0,34494.48338075,213077809.3803470
2021-06-29 00:00:00,34494.8423285,36600.0,34226.75253341,35922.41743186,198063271.2982760
2021-06-30 00:00:00,35918.54133667,36099.0,34428.0,35063.0,120164509.10156400
2021-07-01 00:00:00,35062.0,35069.0,32720.0,33554.42277399,192028464.99826200
2021-07-02 00:00:00,33519.46744936,33983.0,32700.0,33816.0,173998196.3780050
2021-07-03 00:00:00,33818.0,34948.0,33350.0,34682.0,102888650.76534300
2021-07-04 00:00:00,34689.0,35950.0,34376.0,35276.0,103344192.40995900
2021-07-05 00:00:00,35278.0,35280.0,33126.0,33672.36648837,259828830.1414680
2021-07-06 00:00:00,33670.52239391,35196.0,33555.0,34255.0,304350618.9318560
2021-07-07 00:00:00,34255.06205944,35091.0,33810.0,33889.0,118812155.24568900
2021-07-08 00:00:00,33886.0,33939.0,32063.0,32857.0,469605492.5637260
2021-07-09 00:00:00,32846.0,34059.0,32237.0,33769.0,225045733.72522900
2021-07-10 00:00:00,33768.0,34242.0,33011.0,33505.02923001,216403689.80031600
2021-07-11 00:00:00,33503.0,34590.0,33316.0,34244.0,73683234.74136320
2021-07-12 00:00:00,34249.0,34655.0,32600.0,33078.0,278139804.9564290
2021-07-13 00:00:00,33077.77262412,33337.0,32190.0,32730.0,131733939.32742500
2021-07-14 00:00:00,32729.0,33128.0,31588.0,32822.6431619,170431953.62253900
2021-07-15 00:00:00,32821.0,33200.0,31150.0,31890.0,221853217.3944650
2021-07-16 00:00:00,31893.73824538,32271.0,31044.0,31428.0,169141113.38205700
2021-07-17 00:00:00,31427.0,32000.0,31210.0,31560.0,432613275.57511200
2021-07-18 00:00:00,31559.0,32453.0,31111.0,31820.0,394928275.40621700
2021-07-19 00:00:00,31820.47850988,31928.0,30500.0,30865.0,395063565.38410100
2021-07-20 00:00:00,30866.0,31079.0,29313.0,29809.0,264644728.3578290
2021-07-21 00:00:00,29814.0,32850.0,29523.0,32154.0,265532998.1933740
2021-07-22 00:00:00,32154.0,32610.0,31735.0,32320.0,169119412.40246700
2021-07-23 00:00:00,32320.26010235,33650.0,32020.0,33650.0,133568321.654477
2021-07-24 00:00:00,33650.0,34527.0,33422.0,34279.0,81010061.94876290
2021-07-25 00:00:00,34288.0,35444.0,33886.0,35415.0,98488951.89444680
2021-07-26 00:00:00,35413.0,40595.0,35233.0,37270.0,608023978.4936260
2021-07-27 00:00:00,37265.93349564,39589.0,36418.0,39500.0,239592252.01100500
2021-07-28 00:00:00,39490.0,40900.0,38803.0,40017.0,319315594.99079400
2021-07-29 00:00:00,40017.0,40623.0,39272.0,40036.0612375,162919501.152546
2021-07-30 00:00:00,40040.0,42299.15230804,38343.0,42214.50801313,327886854.3523740
2021-07-31 00:00:00,42196.27398595,42398.0,41051.0,41439.0,210873319.65242500
2021-08-01 00:00:00,41440.0,42532.0,39493.0,39867.0,363392230.46821900
2021-08-02 00:00:00,39873.0,40449.0,38716.0,39149.45625755,180828843.70306900
2021-08-03 00:00:00,39154.0,39781.0,37663.0,38217.0,194045026.23901900
2021-08-04 00:00:00,38219.0,39965.0,37519.81411605,39743.0,145967524.13418500
2021-08-05 00:00:00,39738.0,41352.0,37318.0,40887.0,263105882.29888600
2021-08-06 00:00:00,40890.0,43385.0,39900.0,42854.0,276878906.27148500
2021-08-07 00:00:00,42853.0,44698.0,42380.0,44568.0,415465585.6190790
2021-08-08 00:00:00,44569.0,45250.0,43300.0,43793.0,357602985.3672020
2021-08-09 00:00:00,43782.46903142,46438.0,42790.0,46282.21851123,496271288.9514020
2021-08-10 00:00:00,46280.02549592,46695.0,44635.0,45612.0,290337761.1682520
2021-08-11 00:00:00,45611.0,46727.0,45341.0,45531.0,197088310.1958590
2021-08-12 00:00:00,45530.0,46186.0,43786.0,44424.0,250766177.10398900
2021-08-13 00:00:00,44413.0,47967.0,44266.0,47835.0,353429140.0464110
2021-08-14 00:00:00,47836.0,48141.0,45935.0,47084.0,204903733.81402700
2021-08-15 00:00:00,47084.0,47369.0,45471.0,47022.0,180157588.2397870
2021-08-16 00:00:00,47023.0,48069.0,45689.0,45937.0,278391287.49902300
2021-08-17 00:00:00,45932.90307576,47167.0,44441.0,44695.0,309880481.1072180
2021-08-18 00:00:00,44692.0,46010.0,44266.0,44721.0,260162624.43073500
2021-08-19 00:00:00,44721.0,47061.0,43992.0,46765.0,278977880.75709300
2021-08-20 00:00:00,46766.0,49400.0,46647.0,49330.49713104,298208219.29027900
2021-08-21 00:00:00,49333.0,49788.0,48219.0,48837.0,191537934.94826900
2021-08-22 00:00:00,48835.0,49488.0,48075.0,49266.0,135297937.86804200
2021-08-23 00:00:00,49267.0,50558.0,49055.0,49525.0,268511659.83852900
2021-08-24 00:00:00,49523.0,49860.0,47555.0,47698.0,227641172.0092450
2021-08-25 00:00:00,47696.45550645,49255.0,47142.96628448,48992.74927858,201795944.00425000
2021-08-26 00:00:00,48992.29076835,49385.0,46310.0,46840.0,303469286.2353780
2021-08-27 00:00:00,46836.0,49159.0,46363.0,49079.0,284448146.1037390
2021-08-28 00:00:00,49079.0,49310.0,48385.91723403,48914.0,112540504.19094700
2021-08-29 00:00:00,48913.9769579,49650.0,47760.0,48800.0,197435776.84584
2021-08-30 00:00:00,48801.0,48924.66460268,46903.0,47004.84288151,193813518.60753000
2021-08-31 00:00:00,47003.4670629,48244.0,46725.0,47157.0,202821841.81986900
2021-09-01 00:00:00,47142.0,49139.0,46590.0,48823.0,278649676.29298700
2021-09-02 00:00:00,48827.0,50365.0,48631.0,49274.0,244011192.285203
2021-09-03 00:00:00,49273.73784718,51142.0,48332.0,50001.0,366715956.29694300
2021-09-04 00:00:00,50001.0,50544.0,49401.0,49899.0,118198035.9808440
2021-09-05 00:00:00,49899.0,51900.0,49470.0,51780.0,286815309.5043200
2021-09-06 00:00:00,51779.0,52742.0,51050.0,52676.0,255117128.97256700
2021-09-07 00:00:00,52672.0,52888.0,43220.0,46849.0,781733698.0267160
2021-09-08 00:00:00,46854.0,47351.0,44472.0,46070.61738592,347971546.9647110
2021-09-09 00:00:00,46054.0,47398.57959466,45546.0,46389.0,178757819.7867500
2021-09-10 00:00:00,46396.0,47044.0,44155.0,44852.0,232367904.21068900
2021-09-11 00:00:00,44851.0,45990.0,44750.0,45169.0,114952072.21918800
2021-09-12 00:00:00,45169.7693418,46466.0,44774.17967564,46038.87431928,155980878.77438500
2021-09-13 00:00:00,46039.0,46874.0,43444.0,44960.0,394127372.79368
2021-09-14 00:00:00,44958.0,47238.51708787,44699.0,47152.0,166084443.68111200
2021-09-15 00:00:00,47134.0,48444.0,46724.0,48137.0,191820976.5477280
2021-09-16 00:00:00,48137.76809977,48530.0,47061.0,47782.0,172346432.9068030
2021-09-17 00:00:00,47782.0,48183.0,46771.0,47296.0,117868683.36820700
2021-09-18 00:00:00,47296.15646179,48819.0,47066.0,48308.0,98879736.25672430
2021-09-19 00:00:00,48319.0,48370.29414611,46837.0,47239.0,107581202.19179100
2021-09-20 00:00:00,47244.0,47327.0,42567.0,43025.0,543257469.6790540
2021-09-21 00:00:00,43025.0,43625.0,39678.0,40747.95941373,609586672.098684
2021-09-22 00:00:00,40748.0,44000.0,40601.0,43574.0,367495242.015669
2021-09-23 00:00:00,43575.0,45000.0,43102.0,44884.68321336,237288079.80307000
2021-09-24 00:00:00,44893.0,45164.4867643,40755.0,42856.0,504097238.3439270
2021-09-25 00:00:00,42861.0,42986.84667145,41728.0,42714.0,126452916.22569500
2021-09-26 00:00:00,42714.0,43963.0,40800.0,43190.0,238642990.229707
2021-09-27 00:00:00,43188.0,44355.99143738,42135.0,42181.0,179876054.8643520
2021-09-28 00:00:00,42181.0,42777.0,40928.0,41064.0,253092960.70557200
2021-09-29 00:00:00,41046.0,42606.0,40804.0,41530.0,182270090.3298970
2021-09-30 00:00:00,41539.0,44122.0,41432.0,43830.0,222564882.3998530
2021-10-01 00:00:00,43829.0,48464.0,43311.0,48151.0,400652918.75460700
2021-10-02 00:00:00,48157.0,48350.0,47438.0,47649.0,98363985.21767310
2021-10-03 00:00:00,47649.0,49196.0,47120.0,48242.0,173862948.96856000
2021-10-04 00:00:00,48241.0,49503.0,46897.0,49252.0,304859583.7058830
2021-10-05 00:00:00,49252.0,51922.0,49065.0,51508.0,344160670.1475100
2021-10-06 00:00:00,51497.0,55743.0,50438.0,55335.0,582244349.9650860
2021-10-07 00:00:00,55335.0,55349.0,53429.0,53797.03310738,266043091.32439500
2021-10-08 00:00:00,53797.0,56000.0,53628.0,53947.0,295796270.8415450
2021-10-09 00:00:00,53947.0,55475.0,53678.0,54968.0,134229574.51743100
2021-10-10 00:00:00,54978.0,56450.0,54114.0,54691.0,319261461.0591000
2021-10-11 00:00:00,54679.0,57821.0,54430.0,57489.0,432248022.11751900
2021-10-12 00:00:00,57470.0,57661.0,53837.51997218,56009.0,332640175.4665100
2021-10-13 00:00:00,56000.0,57775.0,54300.0,57368.0,175415053.20789300
2021-10-14 00:00:00,57369.0,58488.0,56855.0,57354.0,263516961.68556400
2021-10-15 00:00:00,57352.0,62900.0,56881.0,61680.0,733022378.0818870
2021-10-16 00:00:00,61686.0,62333.0,60171.0,60868.0,260688993.3424510
2021-10-17 00:00:00,60867.0,61698.0,59019.0,61504.0,316342369.13703800
2021-10-18 00:00:00,61508.0,62682.0,59883.0,61994.0,530689291.85788000
2021-10-19 00:00:00,62007.0,64421.0,61368.0,64263.0,587843711.4687010
2021-10-20 00:00:00,64263.93176072,66958.0,63535.0,66021.0,611462536.414632
2021-10-21 00:00:00,66021.0,66643.0,61855.0,62219.4946565,832170423.0558830
2021-10-22 00:00:00,62199.0,63729.0,60013.0,60706.0,385658320.01667900
2021-10-23 00:00:00,60706.0,61764.0,59755.0,61302.0,166203400.1712000
2021-10-24 00:00:00,61296.0,61476.0,59533.0,60847.0,175062085.55367200
2021-10-25 00:00:00,60832.0,63666.0,60632.0,63100.0,234382150.619611
2021-10-26 00:00:00,63100.0,63332.60744575,59766.0,60288.0,286318945.23876900
2021-10-27 00:00:00,60285.0,61450.0,57950.0,58449.27880851,417086138.41944400
2021-10-28 00:00:00,58438.0,62444.0,57606.0,60598.0,488766852.0841500
2021-10-29 00:00:00,60579.0,62980.0,60188.0,62257.71552291,244304044.30302000
2021-10-30 00:00:00,62264.0,62353.0,60755.0,61880.0,138656330.32036200
2021-10-31 00:00:00,61879.0,62415.0,60005.0,61330.0,148355799.214605
2021-11-01 00:00:00,61326.0,62491.21298363,59522.0,60949.0,293321326.78947100
2021-11-02 00:00:00,60923.30466641,64313.0,60661.0,63249.0,328996313.5235950
2021-11-03 00:00:00,63249.0,63565.0,60175.0,62900.0,299687939.526139
2021-11-04 00:00:00,62893.0,63067.0,60700.0,61414.88951003,180024077.14187400
2021-11-05 00:00:00,61410.0,62600.0,60735.0,61005.0,137627802.12776400
2021-11-06 00:00:00,60995.0,61583.0,60100.0,61495.04388678,180293993.30259900
2021-11-07 00:00:00,61495.04388678,63279.0,61400.0,63263.0,204629120.1079880
2021-11-08 00:00:00,63277.0,67665.0,63277.0,67526.0,606485965.0292900
2021-11-09 00:00:00,67526.0,68444.0,66326.0,66938.0,432722748.7726510
2021-11-10 00:00:00,66937.19022637,68958.0,62866.0,64871.0,793693585.1048830
2021-11-11 00:00:00,64871.0,65541.0,64079.0,64791.0,185627494.69870300
2021-11-12 00:00:00,64785.0,65421.0,62255.0,64134.0,328314220.1945200
2021-11-13 00:00:00,64134.0,64988.98628182,63405.0,64398.0,120309117.23313700
2021-11-14 00:00:00,64395.0,65474.0,63564.0,65474.0,143689598.313621
2021-11-15 00:00:00,65474.0,66343.87555372,63351.0,63561.0,335054048.52938500
2021-11-16 00:00:00,63560.0,63561.99202931,58625.68734157,60068.0,784932415.4228680
2021-11-17 00:00:00,60069.0,60851.0,58368.0,60352.81595949,405715118.25480900
2021-11-18 00:00:00,60354.56777918,60945.0,56555.0,56963.0,657561297.5946860
2021-11-19 00:00:00,56929.0,58379.0,55653.0,58130.0,301052600.7232980
2021-11-20 00:00:00,58122.0,59886.0,57450.0,59766.0,187216493.62661200
2021-11-21 00:00:00,59774.0,60050.0,58603.0,58691.0,143295253.25865800
2021-11-22 00:00:00,58702.0,59456.0,55714.0,56281.06370152,497032622.5131990
2021-11-23 00:00:00,56282.0,57869.0,55453.0,57577.0,492657730.7029010
2021-11-24 00:00:00,57579.62257756,57762.0,55894.51623388,57166.0,279810655.0064870
2021-11-25 00:00:00,57159.0,59423.42625193,57067.0,59015.78236183,234940668.00253800
2021-11-26 00:00:00,59017.11364499,59238.0,53555.0,53839.0,656433044.4784420
2021-11-27 00:00:00,53825.0,55329.0,53711.0,54791.0,169603049.18226900
2021-11-28 00:00:00,54781.0,57469.0,53458.0,57356.0,283089615.59703900
2021-11-29 00:00:00,57329.0,58888.0,56764.0,57840.0,293082979.0355500
2021-11-30 00:00:00,57841.0,59174.0,55899.0,56966.0,368857962.6672430
2021-12-01 00:00:00,56988.82934176,59055.0,56505.0,57240.0,296573382.5398340
2021-12-02 00:00:00,57239.0,57390.0,55842.0,56517.0,249079335.39207100
2021-12-03 00:00:00,56520.0,57599.0,51333.0,53687.0,576135836.0727250
2021-12-04 00:00:00,53667.0,53879.0,41634.0,49249.0,1111884407.7477500
2021-12-05 00:00:00,49243.0,49769.0,47860.0,49474.0,236560725.81910500
2021-12-06 00:00:00,49475.49285585,50988.0,47167.0,50513.0,406483509.94157900
2021-12-07 00:00:00,50504.57178257,51970.0,50095.0,50634.0,197782671.2891740
2021-12-08 00:00:00,50641.0,51275.0,48726.0,50503.43470097,203766252.1471970
2021-12-09 00:00:00,50506.0,50844.0,47408.0,47610.10671846,252540320.5247550
2021-12-10 00:00:00,47598.0,50212.0,47051.0,47208.0,385703687.3730770
2021-12-11 00:00:00,47195.0,49522.0,46872.0,49426.0,261465555.2660680
2021-12-12 00:00:00,49427.0,50800.0,48690.0,50123.0,194029027.7085080
2021-12-13 00:00:00,50116.77552521,50234.0,45788.0,46748.99252241,407577302.2446890
2021-12-14 00:00:00,46757.79747071,48684.0,46356.20997454,48399.0,265029063.94065900
2021-12-15 00:00:00,48392.0,49520.0,46600.0,48901.0,344032694.32611600
2021-12-16 00:00:00,48901.82763469,49480.0,47543.0,47665.0,168076224.64565600
2021-12-17 00:00:00,47659.0,48038.0,45539.0,46180.73115089,270395837.40523300
2021-12-18 00:00:00,46163.0,47483.0,45523.0,46873.0,175352411.13367300
2021-12-19 00:00:00,46869.78960743,48364.0,46458.0,46704.0,244546599.03991600
2021-12-20 00:00:00,46698.0,47541.0,45600.0,46901.0,265153910.1916610
2021-12-21 00:00:00,46915.0,49369.0,46683.0,48923.0,230580251.5843660
2021-12-22 00:00:00,48926.48057156,49588.0,48459.75038112,48626.0,152816860.6638480
2021-12-23 00:00:00,48625.0,51413.12295813,48078.0,50833.0,225269220.26029900
2021-12-24 00:00:00,50834.0,51842.0,50405.0,50830.0,131918410.24384200
2021-12-25 00:00:00,50830.0,51171.0,50182.0,50435.2441132,100374317.64274400
2021-12-26 00:00:00,50435.06967051,51300.0,49433.0,50797.0,147518338.8748530
2021-12-27 00:00:00,50805.0,52085.0,50482.47485727,50690.0,178365794.6257500
2021-12-28 00:00:00,50713.70862195,50714.0,47321.0,47556.0,258291251.7041050
2021-12-29 00:00:00,47556.0,48166.0,46079.0,46465.0,191620482.9718530
2021-12-30 00:00:00,46464.0,47911.0,45947.0,47156.0,150796169.0805340
2021-12-31 00:00:00,47148.0,48650.0,45664.14362225,46218.0,196538079.5811030
2022-01-01 00:00:00,46209.0,47957.0,46203.0,47747.0,103961332.17483800
2022-01-02 00:00:00,47746.0,48012.0,46648.0,47302.0,87259964.83404950
2022-01-03 00:00:00,47304.23510549,47578.0,45689.0,46448.0,119740625.84581200
2022-01-04 00:00:00,46449.61555627,47671.86280513,45568.0,45834.0,173639924.98835800
2022-01-05 00:00:00,45830.0,47058.0,42505.0,43455.0,301235688.81957800
2022-01-06 00:00:00,43457.0,43781.0,42412.0,43103.47161129,146771716.74313300
2022-01-07 00:00:00,43101.35518617,43135.77081015,40586.0,41548.0,307629482.27475600
2022-01-08 00:00:00,41555.41669034,42319.82508013,40556.0,41682.0,172815070.7955210
2022-01-09 00:00:00,41687.21240698,42801.0,41240.0,41856.0,155598886.22481800
2022-01-10 00:00:00,41861.0,42270.0,39672.88479242,41847.0,399779596.0530490
2022-01-11 00:00:00,41839.0,43119.19618143,41265.0,42741.74663693,204614301.93218500
2022-01-12 00:00:00,42744.0,44315.0,42468.0,43909.0,165525257.69951000
2022-01-13 00:00:00,43909.0,44445.0,42334.0,42583.0,159317414.3433990
2022-01-14 00:00:00,42585.0,43468.0,41736.0,43091.0,185934390.1792310
2022-01-15 00:00:00,43090.0,43816.0,42575.0,43069.0,137627302.71973300
2022-01-16 00:00:00,43074.0,43487.39375881,42603.0,43084.0,68163742.10797580
2022-01-17 00:00:00,43084.0,43194.0,41465.0,42223.0,123326960.50676000
2022-01-18 00:00:00,42221.0,42690.0,41204.0,42376.97315245,183937769.69955600
2022-01-19 00:00:00,42373.0,42596.0,41158.0,41676.0,268913341.63605200
2022-01-20 00:00:00,41677.0,43591.0,40568.39019693,40692.20981196,208033254.6091180
2022-01-21 00:00:00,40690.34893641,41132.0,35471.0,36467.0,591653999.9281130
2022-01-22 00:00:00,36463.16076078,36861.57424928,33854.97502491,35104.74628423,617224811.1979210
2022-01-23 00:00:00,35108.0,36556.0,34654.0,36308.0,316458961.78325600
2022-01-24 00:00:00,36302.0,37596.0,32937.0,36702.0,847978447.0339580
2022-01-25 00:00:00,36706.0,37584.0,35751.0,36986.0,327817327.37645600
2022-01-26 00:00:00,36995.0,38935.0,36291.6959393,36828.54217638,392078971.2773450
2022-01-27 00:00:00,36847.6476148,37275.0,35504.0,37194.0,258159853.79731100
2022-01-28 00:00:00,37187.0,38055.0,36197.0,37759.82718923,173079893.40047600
2022-01-29 00:00:00,37748.0,38898.0,37347.69182748,38179.91123381,135401967.24606600
2022-01-30 00:00:00,38201.60978983,38403.0,37386.0,37914.38083181,77750763.9249904
2022-01-31 00:00:00,37914.0,38785.0,36674.0,38500.0,183486501.00319000
2022-02-01 00:00:00,38501.0,39416.42020804,38000.0,38713.0,166093102.29550200
2022-02-02 00:00:00,38717.60475262,38879.0,36633.0,36913.0,154705905.46178400
2022-02-03 00:00:00,36923.0,37410.0,36267.47644877,37366.0,188366209.86967700
2022-02-04 00:00:00,37367.0,41753.0,37070.0,41588.0,344152359.1433990
2022-02-05 00:00:00,41588.0,41956.0,40979.80786121,41438.0,107675460.2123750
2022-02-06 00:00:00,41441.0,42739.0,41169.0,42412.0,100237041.58712700
2022-02-07 00:00:00,42421.82387236,44540.0,41699.5447648,43865.0,241961414.77633700
2022-02-08 00:00:00,43865.0,45400.0,42709.0,44077.0,335877250.2483630
2022-02-09 00:00:00,44079.55202568,44865.0,43160.0,44431.0,165012503.3952560
2022-02-10 00:00:00,44437.0,45899.0,43222.0,43545.0,319115175.8950350
2022-02-11 00:00:00,43549.0,43965.0,42010.0,42418.0,237971105.85188600
2022-02-12 00:00:00,42422.0,43036.0,41715.0,42244.0,112483230.26417300
2022-02-13 00:00:00,42241.0,42789.0,41915.0,42090.0,82113012.1973184
2022-02-14 00:00:00,42090.0,42863.0,41545.0,42554.0,203647560.63737100
2022-02-15 00:00:00,42567.0,44762.0,42463.0,44563.0,183308212.8457140
2022-02-16 00:00:00,44567.0,44584.0,43352.0,43909.0,143648727.02936400
2022-02-17 00:00:00,43896.94591367,44189.0,40117.0,40555.0,273825481.71504700
2022-02-18 00:00:00,40555.0,40984.0,39521.0,40027.47722701,187211656.3018530
2022-02-19 00:00:00,40027.0,40339.0,39972.64505143,40187.0,6091352.5326616200